Player,Solo score,Solo top1,Solo kd,Solo winRatio,Solo matches,Solo kills,Solo minutesPlayed
Prospеring,2476763,1828,4.37,18,10150,36328,81389
BH nixxxay,439562,1694,8.71,29.1,5817,35895,12732
Raпger,4519465,4582,9.6,34,13488,85481,122171
Idk_Pi,752869,121,0.84,3.3,3687,3005,32453
Twitch.GryphonRB,1136282,1327,6.32,30,4429,19591,36245
Twitch Kayotica,2919037,1310,3.23,9.7,13438,39131,96777
FaZe Replays,2389537,1454,3.84,7.8,18670,66161,76258
NiteGamerYT 190k,15872,6,0.47,1.4,429,200,739
ᴮᵒˢˢン,6772116,6480,1.39,32.6,19864,18610,283835
CIUPEA 144.HZ,54479,9,0.61,0.5,1938,1174,2441
曼巴精神のR6,208411,103,4.17,12.2,844,3093,6661
DarkAssaSSin._,4840719,4295,3.34,30.6,14045,32611,171013
FLIZ_Mada YT,1665575,535,2.3,5,10596,23161,55978
Τriρs,478280,25,0.7,1,2581,1785,21679
MachiTv,4659548,3166,3.9,19.5,16273,51088,163199
C_D_S_,2469301,612,1.42,4.5,13464,18301,106526
Mₐₜₜzᵢₗₗₐツ,551309,62,1.59,2.5,2527,3930,22014
prOMancos,4300077,576,1.27,1.8,32898,40942,175643
Scribell,212388,34,1.03,2.3,1491,1505,8945
Qx_9u انستا,228620,79,1.03,2.4,3269,3281,8903
adore johnnyy,262750,91,1.68,3.2,2853,4641,10758
R.e.L.y.T,1896099,453,2.02,4.2,10883,21030,67687
RunLaMaJ,3151606,2159,4.96,23.6,9158,34742,99974
Deathfury420,1257973,51,0.95,0.6,8568,8101,55671
KING nax nax,1407541,70,0.8,0.7,10460,8356,63105
isDi x,991474,344,1.97,5.5,6306,11744,38410
SMS Efesto96,1955351,1876,5.73,21.8,8613,38611,64610
Maatheus ϟ,1937620,363,1.72,3,12041,20033,79646
UçaN_HamSi,67758,25,0.68,1.1,2182,1471,3199
Kid_Fighter,2428145,331,1.06,2.8,11967,12348,103551
sllion.,307632,87,1,5.8,1511,1422,13235
FaZe Thiefs,1355611,805,3.87,8.2,9813,34817,48384
IZHHAN,2502117,227,1.37,1.2,18266,24802,103625
Youtube Timyoshi,3169985,2019,5.12,16.2,12448,53411,98287
TTV_MuthaTuckaa,2243178,757,2.35,7,10790,23591,81046
boxed in prison,4067134,1552,3.02,9.7,15975,43489,145643
jsemac,4134984,265,0.68,0.9,28830,19535,184946
Ci2i,4323464,366,0.84,1.6,22321,18522,191232
TuToTV,1373562,653,2.96,8,8154,22166,47575
cleo coroa,939388,76,0.82,0.8,9529,7745,40310
MISFITZKING.,2817916,25,0.19,0.1,17166,3213,161451
Twitch ClueVibes,42073,5,1.06,0.6,796,838,1868
surergraph4426,4233445,1028,0.75,6,17231,12181,188701
Loeya,3130175,3929,5.31,25.7,15279,60282,100618
JStarset,354781,73,2.16,3.1,2320,4856,12317
ᴿᵃᵛᵌᴺᵔᵜᵔ,24262,7,0.64,2.3,311,196,1167
CODE MATEUS YT,2103248,910,2.44,5.6,16250,37392,74190
キᴼᴺᴱルbyONEア,1635695,362,1.61,2.4,15199,23836,66209
Onkel Apo 〆,1022158,174,0.99,2.5,7031,6783,45827
Recuerd0p,3792726,1494,2.3,6.3,23618,50819,150310
ManuelXD -,788742,886,2.43,38.4,2308,3456,31397
Raskology,2985790,2277,4.78,12.7,17926,74738,94433
madman.mm87,2422076,157,0.78,1.4,11143,8543,112357
Ninjadad5,4595164,297,1.01,0.8,36487,36619,185645
Woina derRentner,654531,711,3.48,19.2,3702,10420,25284
dsl de JOYJOYC.,2663127,2600,5.05,21,12358,49305,84119
Temppu93,2157265,349,0.43,4.7,7475,3087,109233
JGLEASY YouTube,2267237,583,1.53,4.2,13738,20188,89480
Code ShogunOCE,1081853,395,3.2,9.6,4116,11902,36624
187saiz,2555772,915,1.73,7.2,12760,20479,97228
RubinhoYT,2242784,1229,3.14,7,17441,50849,84984
ᵗᵗᵛValeuPeloLoot,646316,252,2.2,7.4,3408,6930,24609
PKǃ,1643397,280,0.89,5,5586,4715,74988
Fu03xX,2548920,445,2.13,2.4,18250,37942,88352
Coach swag_,3663808,4258,5.04,19.4,21936,89023,130476
LƎО,389598,52,1.16,1.5,3467,3963,15958
FB RipDilly,2450333,1191,3.94,13.6,8747,29797,79034
الشيخ الاردني,492893,130,2,4.6,2824,5399,18228
Tito Qukoᵗᵛ,1943231,747,2.48,8.2,9091,20652,77734
ATK MAC,1257713,139,1,1.7,8038,7908,54911
ĩŃŜДΐα 57ſ3,485699,180,1.15,4.9,3644,3981,20223
SoaR Prxnze,1249388,847,3.87,22.7,3730,11169,44498
CODlCE XIUDERONE,2848959,481,1.03,2.5,18940,19061,123888
MzViirus,192328,60,1.75,7.1,841,1363,8123
ᴼᵇⁿᵒˣⁱᵒᵘˢ ᴰᵘᵈᵉ ツ,1233260,195,1.66,1.8,10856,17706,42937
TTV_RelaxGee,768175,174,2.05,3.3,5232,10392,27103
Salted.Fishツ,594062,37,1.49,0.8,4516,6684,24024
TheNewbiieTTV,106409,10,1.22,1.2,863,1037,4324
Sparkles_qt,3751601,1645,2.69,8.1,20388,50501,135310
juan ay лол ت,2859587,216,1.03,1.2,18101,18455,121536
MRºRIP,74063,11,0.97,2.7,410,387,3227
Z-Fast-,486775,65,1.81,2.1,3153,5585,18719
stepbro Disarma,415749,169,1.88,6.4,2643,4655,16213
MissJayBtw,832538,64,0.93,1.4,4442,4050,36644
VEM TRANQUILOO,552919,130,1.05,4.7,2771,2763,23667
SDHustler-YT,4105641,3495,2.73,27.7,12618,24890,146724
Irøn Ðux,2395920,149,1.13,1.1,13787,15400,106063
Roedor Salvaje,1659484,680,2.31,5.8,11676,25415,61085
Snow on the top,1926941,244,1.58,2.6,9530,14652,82241
kchorro_LôÔko,3335499,2193,3.44,20,10977,30204,125876
Murid ӝ,2684115,525,1.86,1.9,27112,49396,108806
Death 〤,711108,192,1.71,2.8,6911,11457,25978
thichlachoi,1135164,123,0.83,1.8,6873,5569,54715
ultrа aim assist,2273341,467,0.99,3.5,13157,12505,100542
Damnnn Habibi,623413,66,0.91,1.3,5171,4644,28842
ashley stinks,2322176,2061,5.75,25.3,8139,34971,72863
TMojo Pops Addy,3711294,1627,2.65,12.3,13209,30703,133996
VIEJO_MATABOTS,734264,60,0.68,1.7,3574,2373,33277
11Prochy,1615140,559,1.98,4,14078,26816,58028
ᴄᴏᴅᴇ_ꜰʀ0ɴᴛʟɪɴᴇᴛᴠ,1409461,15,0.58,0.2,8380,4862,70284
GoodMyK,1649346,92,1.15,0.9,10401,11903,73735
ShootingblanksX,2492009,1113,5.1,14.5,7693,33528,76011
Kromreyli ӝ,1130164,524,2.67,5.8,9102,22937,43389
not Adreplays,1574078,339,1.46,2.9,11682,16544,65881
Zemie,896707,493,3.05,5.2,9392,27099,30362
UpstateNate518,637402,134,1.12,2.1,6407,7016,27794
SpartaTheBox,863057,357,2.51,4.5,7976,19087,30140
Firestorm0_0,957144,132,0.76,2.3,5759,4280,41939
NOS_Z3R0 TTV,606741,399,3.45,12.6,3176,9581,20024
E-Girl Batchii,3845483,2511,4.09,16.7,15058,51276,130026
TEBELKING,4784847,782,0.95,5.5,14231,12721,257745
Βigi,208402,42,1.53,2.8,1514,2248,8931
D3strі,1989566,1687,4.12,12,14005,50791,65320
Flor .,136092,64,1.17,6.4,1003,1102,5688
V I R U S,197088,31,1.03,1.7,1811,1839,7799
psn(md_fortnite),3884285,837,0.97,6.2,13483,12328,175313
vSymptoms.tv,955749,254,1.86,4.1,6130,10954,42786
X_X LiX X_X,1175715,106,1.24,1.5,6840,8372,48957
royаl.,836374,85,1.05,0.9,9658,10075,37393
Shardiny,1889613,553,2.05,5.1,10808,21019,72202
YosoyHavok,1945735,588,2.34,4.3,13632,30481,67872
Ruѕh,2160464,1314,4.76,16.8,7806,30873,66014
Avxry,2635603,2648,5.89,18.3,14446,69513,80092
Tp_sergio23,1290487,182,0.82,2.1,8575,6847,60371
byArteer,3809643,2341,4.87,22.4,10430,39417,121281
TheZokii,344837,107,2.63,4.6,2351,5912,11150
Papa Toson,1953617,276,1.36,2.8,9952,13134,79177
101shanks,431941,70,1.41,1.8,3850,5335,17043
SpeedArtery YT,11051,6,2.09,15,40,71,421
GAMER لعيب ア,1353024,64,0.83,0.6,10276,8452,61901
Ssu-haib,569842,51,1.48,0.9,5658,8296,22241
Óbvio éo Tonho,350908,72,1.54,1.8,3957,5983,13223
xo_niki,91820,30,1.5,4.3,695,997,3509
Reaperbash,99113,25,1.22,5.6,450,518,4055
7CH.,1358807,134,1.15,1.5,8783,9914,58912
TSM EmadGG,1735036,1186,2.79,7.3,16303,42126,70789
In7ense.ttv,907017,458,2.63,9.6,4791,11396,37241
sucukemail-sucuk,1995810,1159,2.94,10.4,11135,29329,63696
fabry.70,2672310,274,1.21,2.7,10247,12022,116844
DS w4k,1353350,385,2.18,4.2,9116,19067,52263
TimSad,1706934,410,1.86,3.3,12598,22681,65919
DreDenn on YT,153532,29,1.17,2.4,1226,1397,6569
Hаrukiyo,1821087,508,3.65,6.6,7663,26084,63927
Monoclide,1220114,189,0.88,2.8,6862,5891,53894
RailCart,4479084,456,0.73,1.8,25222,17993,202919
Fαtαlity,2439235,309,1.01,2.4,12918,12759,113497
Microd0t,114356,36,1.58,4.3,846,1282,4175
Abboudi,3929948,222,1.35,1.1,19867,26461,162462
Mkay-Ultra,893152,128,1.41,2.2,5784,7967,37567
Yel FatouMwaka,984681,1096,3.31,15.2,7193,20206,34751
SpOkO21,1403116,88,0.54,1.1,7863,4235,70998
ℳ o . Ｓ ℽ ℛ,256506,45,1.51,2.4,1896,2799,10095
Nick Eh 30,2055217,1850,4.47,12.1,15279,60047,69147
it-mahdi,856446,207,1.59,5.4,3803,5729,34059
TDT_Banishmaster,3153732,264,0.48,1.4,18719,8767,169810
Éson,1632394,335,1.52,2.3,14452,21450,60481
ᵀʷᶦᵗᶜʰMinerimOxe,217015,34,1.36,2.3,1461,1940,9074
Alpawarrior,2257251,372,1.15,1.7,21479,24195,94431
Noviiis.,1863400,1408,3.84,13.8,10201,33751,60022
EDOBERI,4212928,416,1.43,2.7,15660,21869,179289
KFC_Froggy 蛙組.,448050,28,0.91,1.1,2586,2332,20497
X_CuScO_X,3355052,1748,2.69,10,17399,42156,112601
TheMagikToxicツ,165230,25,0.66,0.9,2829,1859,7237
Lady Suralai,50303,3,0.66,1,308,200,2268
мaykee,2219680,283,1.42,1.3,21364,30031,83417
Giant_Lana,1247739,135,0.87,1.5,8865,7560,53043
Sologaming786,113232,28,1.64,4.4,639,1004,4757
PWR Chanzes,2368003,1429,4.66,14.1,10155,40674,68542
MaquinaOvalle,3636329,259,0.98,0.8,33151,32093,144896
3.R,107967,19,1.83,2.5,753,1340,4338
spuliX,1333281,642,2.5,9.6,6695,15116,48072
oG Fruittyy ツ,792916,96,1.27,1.9,5188,6466,33666
Ƀaki Ψ,1772425,307,1.28,4.2,7303,8978,75622
psn(pr-noga),39153,1,0.71,0.4,267,188,1795
SS_RAFA,852746,231,2.46,6.3,3688,8490,31144
packet loss leo,16610,7,1.16,2.8,251,283,692
PapaMatze1968,1228065,48,0.8,0.4,10849,8683,53952
TwitchKingcocos,1015752,150,0.71,2.8,5318,3658,47092
MBA-Jancs,1142160,189,1,2.3,8208,8054,51285
AUS_SWAGG,1445416,1390,4.55,17.2,8066,30366,48488
ozy.man.dias,1394628,296,1.08,6.5,4585,4627,61094
ΨDOX,1552279,556,2.34,4.5,12365,27671,51659
Twitch FRKOH,1058530,676,4.23,13.4,5044,18482,31124
EL PRESUMIDO FB,2617805,878,2.39,6.4,13757,30741,92294
05 ToyseTe,44816,15,0.85,2,763,638,1860
CRONOS Ω,2253768,585,2.15,4.1,14227,29397,77171
facu giorgetta29,4253032,1483,1.36,7,21071,26728,181514
88Uncle Jimmy88,550169,57,1.33,1.8,3218,4203,22158
OG Thunderbons,824131,92,0.91,2,4650,4136,35341
F.ION MrPotage,1574965,215,1.29,1.6,13045,16597,62326
bencas31,4228743,508,0.97,1.6,31362,30042,183484
Remister.,749116,105,0.75,1.8,5783,4278,32494
Sk Fedee,958062,65,1.46,0.8,7880,11411,37844
JUST SLO7,786949,174,1.28,2.7,6455,8050,30568
Yanniツ,2504274,2243,5.6,23.1,9723,41893,79342
FB Alibaba,2151461,249,1.64,1.7,14514,23428,87655
Ratdog Fink,3582969,461,1.04,3,15481,15638,162042
TCE quietin 80,1617342,540,3.08,6.6,8183,23534,57903
JO hudhud,447257,122,1.8,3.9,3096,5365,16819
RNG COQTO,3287848,810,1.8,3,26853,46884,131283
BigGipp.ttv,181871,93,2.15,8.6,1080,2119,7098
Kalaaleq Beast,282860,15,0.89,0.8,1838,1621,12701
Willya Ben Ova,9636,0,0.26,0,200,52,526
RealDeadDylanTTV,817236,139,1.59,3.6,3860,5908,35607
ҠillswitcҤ,2616792,231,0.87,1.6,14102,12066,112842
pepeluvil,716906,92,0.82,2.1,4421,3539,32033
W-Barrett_ONE,1104572,528,3.67,13.9,3792,11981,37919
Mikest584,4724,0,0.53,0,209,110,210
GordinDaTwitch,81389,52,2.3,9.1,570,1191,3274
ChickPhilay,263075,38,1.5,2.1,1803,2651,10331
Settióp,2958200,1754,4.19,13.9,12659,45662,91632
binedebił,382738,194,2.64,8.5,2276,5503,13637
GamingwGhoulTV,63057,26,1.97,6.4,408,753,2182
whﱞiskey,43482,15,1.1,6,248,257,1960
a Glad Lad,2020823,108,1.2,0.9,11496,13631,89476
MBG-Muallim-Naci,2079997,301,1.4,0.9,32776,45588,79621
itsjust_Ivy_,296749,9,0.88,0.3,2769,2427,12597
Ar1us.,2283806,222,1.38,1.5,14986,20336,96091
Flames Getteyyy,1611405,708,3.01,7.9,8956,24853,60542
SouuThY,666690,440,4.45,13.7,3222,12389,23186
MåÐamButterƒly,559850,80,0.64,1.7,4774,3020,24883
miniyo2,82417,5,0.28,0.8,597,166,4179
ttwyla,223485,63,2.23,6.5,964,2008,8209
Tishø,374857,28,0.24,0.2,14316,3500,10800
Code DashCb,434980,138,1.44,5.6,2457,3342,17604
Jacobreyli ӝ,1550041,286,1.7,2.5,11346,18754,60777
djharrymusicTV,977202,74,1.15,1.2,6112,6973,43418
B4SH4R ӝ,2164480,294,1.56,1.8,15989,24448,83509
TM mohamad,310528,47,0.85,1.4,3390,2842,13415
TREEPROBLEMS,1886945,430,1.95,3.5,12174,22950,69964
JustBlameJoshTV,25243,4,0.72,2.2,185,131,1123
jmoe161 TV,505070,1044,5.86,18.7,5579,26593,15977
JKForsaken,887365,560,3.23,9.3,6002,17588,32586
BottedFPS,1589823,293,1.9,2.4,12187,22571,57764
The Gorg,553427,78,0.83,3.2,2468,1986,24567
Erkan does care,191914,74,0.56,1.1,6930,3862,9095
KUUBi-,2202024,156,1.65,0.9,17729,28936,80894
Evening0 Twitch,190982,14,0.92,0.8,1837,1681,8050
ToXic_Crispin,181857,22,0.92,1.1,1922,1740,7623
Typical Gamer,2613995,2222,6.03,19.8,11219,54262,77932
Rinyache32,2229531,231,1.68,1.5,14930,24710,87225
AuhurAlter,521682,371,3.18,17.5,2121,5571,19179
Mr chatman,1015309,75,0.94,1,7276,6772,43304
Lίquid mίtr0,2500936,816,3.75,5.5,14758,52215,78842
SP7_Sepo,982265,83,0.73,1.2,7115,5165,43158
give me pasta,3795141,4486,5.91,44.1,10166,33570,131118
LaLaLa Lowla,49634,16,1.45,1.7,946,1348,2030
Last_Samurai_10,875340,61,0.67,0.6,10617,7047,38801
S3Saint,194761,22,0.92,1.6,1400,1263,8436
TTV UntamedFN,1942580,1486,4.15,27,5496,16653,66278
Mahou_Twitch,2345511,225,1.27,1.3,16726,21004,108328
Doϲtor,187571,25,1.38,1.7,1435,1945,7229
OVA Flyy,1201819,396,2.86,6.2,6352,17012,45483
VALtheVAL,2126475,840,2.23,7.8,10781,22153,77947
semm1234,1741430,3454,6.95,22.1,15635,84716,48248
Slowly Not Back,3495641,2201,3.21,19,11565,30073,121626
lalana043,98950,12,1.11,1.7,702,766,4080
claystehling,1530245,588,1.85,5.1,11480,20163,58107
6GAMEOVER9 何,583939,135,1.3,2.4,5531,7023,27784
twitch_ruiziNNN,1119339,60,1.23,0.7,9127,11184,44983
CloudCatzz,3352623,325,0.55,1.4,22599,12148,157472
SaDD_SharukhYT,1063187,365,1.65,5.2,7040,11026,39354
toneyssj,2886984,1103,2.54,8.2,13412,31211,108988
Twitch TƑreire,1321578,1073,3.39,9.9,10885,33234,46510
Newcloak,3160684,168,0.65,0.7,22427,14430,149675
47_shadow,634348,135,1.88,4.3,3134,5639,24645
Twitch Laterree,1315127,178,1.59,1.6,10907,17050,52152
MӨПΣY,805968,54,0.75,1,5292,3911,37143
B.GoD_AsK,1533669,220,1.03,1.8,12299,12486,68063
SSOJ-User,1117027,51,0.82,0.6,8965,7310,49871
Shadowslyrcat,610661,127,1.43,3,4178,5808,25150
FB_Moose,239121,72,1.21,6.8,1063,1197,10097
Blaze Zzzz,515121,95,1.24,1.6,6090,7434,20045
VitunAuti041ツ,51454,13,1.41,7.1,182,238,2307
SIMP De Yizuz,1591815,549,2.68,6.3,8774,22047,52731
KOBRA-BG,1004664,265,1.2,6.7,3963,4440,43953
Clasѕy,514371,273,3.32,11.9,2293,6716,16723
PEROALIENX,1982950,85,1.15,0.4,19167,21986,81499
SypherPK,2104455,4115,7.16,28.5,14436,73948,65186
PWA -KiLLUmiNaTI,1990137,153,0.89,1,14574,12793,89194
INFOWARS 2021,2105095,245,0.98,3.1,8000,7623,90858
milanko11,112710,11,0.96,2.1,532,498,4966
BarbieTown,119546,9,0.5,0.9,973,485,6079
Sherwood-,570096,130,2.29,6.2,2105,4513,21748
paralen01,387866,42,0.94,1.5,2734,2530,16332
PSEUDOVULGAIRE,459393,77,1.57,3.7,2106,3183,18856
YT Corran Drake,1839816,221,1.07,1.7,13355,14118,78821
Lucky_LLukK,478549,134,1.49,7.8,1709,2344,20761
ᴹᶠᴳ Hogsmeade,307367,84,2.24,4.4,1916,4101,10122
Bot_TexasTim,369398,23,0.52,0.3,7972,4144,16326
poppingHasan,2317889,854,1.65,6.5,13066,20095,94790
BoiseBalla,1104406,482,2.58,7.7,6258,14903,40963
Shahri25,1623796,495,1.3,3.8,12987,16187,64572
Mesmeress 74,1848065,253,1.56,2,12823,19583,73055
Sol1101,4172204,195,0.67,0.8,24785,16510,186168
WinterHaven,695407,139,0.72,3,4567,3204,30545
Twitch Activas,443803,84,1.86,3.5,2398,4311,16454
Scentiic,1981283,216,1.2,1.1,19329,22921,85076
RS ツRAYZU on FBツ,1593086,317,1.08,3.8,8268,8584,67283
THE_CONTRACTOR,620753,17,0.68,0.3,6727,4563,28324
12am Padster,1972268,946,2.73,13.1,7235,17164,68353
Putsiez ӝ,2142163,467,1.92,3.1,15262,28370,90246
Sinner YT,1437778,54,0.94,0.6,9428,8845,64021
Bob Lazar Area51,3102346,1747,2.7,14.7,11920,27439,120224
Dr_Krashツ,607940,58,1.05,1.6,3631,3755,27883
Kronik On FB.,837661,342,2.91,10.8,3167,8222,28938
Azeroth2100,949070,135,1.5,2.2,6182,9096,34481
FIR-TorTuGniaL-,458405,28,1.1,1.1,2476,2705,20043
Thomshot,938569,292,2.12,4.3,6827,13845,36572
Pup-pi,441740,197,2.11,12.5,1571,2903,18194
Znojmius CZ,1122853,94,1.07,1.6,5862,6195,48003
ᵀʷᶦᵗᶜʰFURLANZERA,496094,66,1.53,2.2,3068,4599,18982
Twitchlvadriana,148885,14,0.49,1,1363,661,6890
Aɱιԃαɱαɾυ,918782,147,1.71,2.6,5728,9546,34460
CrabStik,537510,48,1.19,0.9,5452,6421,21954
Blaze_Rav3nkillz,2836031,554,1.13,5.8,9596,10243,123082
ZEVEHㅤ,1176306,719,3.47,14.2,5080,15152,41508
Muppetlogic,1444068,141,1.29,1.9,7497,9472,59487
Ziximous,1064986,117,1.3,1.5,7731,9881,44625
Banu-13Hz-,1631362,194,1.12,1.9,10264,11312,69155
fayxeq,1504362,183,1.62,1.9,9617,15312,61765
exeed RekinClown,1553736,575,2.81,5.6,10188,26966,61799
Gughi black eye,115333,28,0.82,2.1,1319,1053,5377
itsbloodymarie,1226656,216,1.04,2.3,9503,9649,52188
ttv Mochiii_x,14178,4,1.05,3.8,104,105,592
Haze-Dubby ॐ,129618,27,0.96,1.3,2043,1943,5306
HGS C4_Astrofyke,1385310,246,1.65,3.3,7475,11935,61094
SlamFPS,38667,10,2.14,4.5,223,456,1518
SpArTaNXx45,1596293,80,0.73,0.7,11086,8087,75631
ᴛʜᴇ ŁØŘĐ,382127,44,0.75,1.2,3618,2684,17669
Winthern,1484419,498,1.68,4.1,12283,19763,60162
dEAABLESS,4001852,5034,2.71,31.6,15916,29533,152113
Ѕmaсks,109735,186,3.11,9.5,1952,5484,4227
TheJazzmanCometh,3363807,91,1.08,0.4,25679,27640,135682
Alee10ツ,712013,58,0.73,0.8,7260,5258,33752
ᵗʷⁱᵗᶜʰStasonBobo,684675,147,1.82,3.3,4488,7922,25891
JarvoxTv,826560,93,1.24,2.2,4160,5049,35321
DPChew.,1569614,1204,4.2,13.9,8670,31343,60551
SimplyÃℓeχaиdrØs,224481,34,1.04,2,1738,1765,9662
CSE Talmo,2241446,831,2.91,7.9,10468,28066,90068
Tῳizzy,20565,1,0.55,0.8,121,66,1013
The Ecuasian,245207,28,0.83,1.7,1650,1347,11219
RAМPAGE88,1426115,1256,6.12,25.5,4935,22515,40503
independent bam,1379818,278,1.9,3.8,7304,13329,51904
xCrystalShip,315868,23,0.4,0.8,2789,1104,16586
Prince Strap,315184,375,4.21,15.4,2435,8665,10311
ӀmVolt,3237959,1366,2.96,8.8,15450,41652,102412
KUREN 王,1915270,938,6.35,16.9,5536,29194,60578
YoSnn,630835,124,1.19,3.4,3688,4226,25906
XSET Shark,2196148,1393,4.29,13.4,10357,38443,76202
NOTʲᶜ ˡᶦᵐᶦᵗˡᵉˢˢﾂ,878915,64,1.1,1.3,5103,5564,36841
liquid bugha 우,2642205,935,2.71,7.1,13221,33335,84584
unikornpiss,69249,13,0.84,1,1276,1066,3102
Twitch Poison,1120241,479,2.55,10.2,4687,10739,40170
yunyache32,1289716,637,5.1,14.4,4417,19284,43928
Sandus_2k,1266567,560,2.55,6.9,8110,19220,51429
DammitJess,184664,21,0.83,1,2126,1738,8026
AQT Rinoツ,291229,50,1.52,3.1,1619,2390,11828
The-Mafia,863388,168,0.65,3.9,4299,2691,38682
ɐʌɐʞ uo sʎɐqʎuun,8986,64,2.91,7.2,894,2413,295
Youtubeوزيرالايم,2683922,1574,2.5,14.3,10993,23545,98186
ToffieFeeTV,907001,63,1.09,1.2,5415,5844,40838
BeRKeRx,370384,112,1.63,2.2,5011,7982,14408
diecohdeuS,689495,302,2.38,7,4329,9593,29651
iam samael,1580427,220,1,1.5,14308,14147,70029
MIHMARTIN19,1965103,246,0.9,3.2,7605,6637,88459
sammy494,312746,83,0.88,2.3,3600,3091,13277
Bolji igrac.,927270,226,1.18,3.9,5816,6602,39528
丂卩丨Ѳ几乇匚Ҝ,634965,117,1.32,3.2,3667,4696,25176
蛇 Shun 様,704482,239,1.52,5.7,4188,6017,28961
2mro_,652356,129,1.28,3.8,3437,4250,28621
Hu_lee_guns,1133837,180,1.29,3.4,5333,6642,47087
Daven ツ,1298068,706,3.28,10.1,6990,20635,45500
Yermoermo,534864,138,1.92,4,3443,6360,22632
croatianbuffalo,616382,108,1.67,5.1,2104,3341,26384
Max Ax3,1649772,625,2.22,6.6,9490,19724,56586
Grizi Χewer,1422900,762,3.95,9,8502,30578,48914
d0rrk,189730,26,1.31,1.2,2209,2865,7877
NEOObtwᵀᵀⱽ,1684771,825,2.62,8.9,9319,22244,62059
危険を恐れて泣いてる,922945,40,0.82,0.5,7897,6424,41321
78 Rotory cl,1810808,489,2.85,3.9,12458,34067,62555
ᵀᵀⱽ LupiiNz,69747,10,0.84,0.6,1756,1464,3049
FuScOnEd,752417,113,1.97,4,2817,5339,29613
222 GaminG on FB,75710,9,0.97,2.5,361,342,3562
Jukіe,762059,222,2.19,3.9,5628,11835,31251
TWITCHXANDYKAWAI,897161,313,1.96,7,4465,8153,33802
TNG NicFN,1315118,643,3.14,8.2,7807,22485,51327
mcdabz,672839,156,1.8,3.8,4142,7155,29032
iTzMarcli,1669997,292,1.62,3.3,8821,13833,68792
GAWS TV,1097353,599,3.4,9.2,6508,20101,40468
B0MII 波米,301738,70,1.55,2.4,2877,4358,12101
Romp N Stompy,1300566,312,1.46,3.2,9648,13599,50766
sea_dweller,2841010,552,1.78,3.5,15853,27239,109355
QuiltedMaple,885753,377,2.26,5.6,6687,14243,32819
NotsKaiky,874581,111,1.46,1.7,6537,9402,33095
wilaxx59,548766,21,0.75,0.7,2954,2192,27018
LamontNastyTTV,349033,60,1.4,2,2954,4041,15792
CooL 酷,3037531,438,1.4,2.2,20350,27804,115553
TocToc-Faaaaio,402779,176,2.1,8.5,2069,3966,15026
ℵℶ ℵℶℵ,2213094,91,1.34,0.4,25420,33854,74322
cr yusewimps,1347075,433,2.95,8.2,5263,14244,54835
BØRRACHØ,323876,55,0.71,1.7,3264,2286,14783
OG-nutone76,143354,15,0.71,1.4,1071,755,6096
njethro,319929,121,2.11,11.6,1047,1953,12859
Bart LovesMajo,772379,129,1.23,2.5,5219,6275,32484
Batatinha_Chips,305462,21,0.96,1.4,1534,1446,13489
hateme4that,858630,224,1.68,5.1,4353,6939,33366
War-Ghost,1713735,262,1.81,2.4,10757,19040,62470
Roadkiller.,821696,120,1.77,2.5,4855,8363,33269
EssMGeeSprAY_TTV,1496525,68,0.87,0.6,12055,10449,67251
Visu Akusto,1738916,318,2.62,3.2,10032,25445,62386
kokosinela,2606829,252,0.95,1.7,14963,13946,111625
ɱąɖŋɛҳųʂ,287942,37,1.19,2.9,1292,1489,12239
Roger_Rabbitツ,133159,4,0.3,0.5,865,262,6608
Twitch kargeaux,456959,84,2,2.8,2987,5813,16510
Kelu04,649549,264,2.43,6.6,3990,9063,22054
zaviria,1835637,98,0.91,0.8,12362,11129,86633
just bubble〆,824082,157,1.6,2.2,7252,11349,35788
DELETE Kloff,760102,436,2.12,11.9,3666,6857,28541
mrJonnyM,523719,163,1.66,7.1,2306,3561,20361
Lxckyer,1479151,285,1.71,3.1,9336,15448,57801
DaddyWrzeszczyk,1148354,611,2.37,6.1,9956,22171,46485
SPCambo9,2385619,910,2.02,10.4,8750,15858,100840
Braxtonjames2020,1294907,704,4.32,15.1,4675,17153,41338
Deyf5 en twitch,1214774,392,1.62,4.2,9322,14479,47765
leafkemon TTV,975226,633,2.74,6.9,9202,23508,35146
ttvSomeSaucy,199022,30,1.19,2,1524,1773,8015
ᴰᵀ RISE oF AMIR,2346919,207,1.15,1.4,14429,16338,104420
Mma A7Aψ,1746880,681,2.72,10.1,6736,16491,62126
shakatop,997297,180,1.06,4.4,4126,4201,42596
DXR_R1pPeR ツ,413059,84,1.01,1.6,5117,5104,16896
OMGさん,52735,20,1.74,4.6,432,715,1860
GoodGuyBambi,39987,42,1.53,4.3,966,1414,1550
JK BRaVE YT,330809,51,1.31,2.5,2008,2559,14318
EryKDragoN,649758,303,1.85,4,7539,13401,25215
adv dawinǃ,2345755,341,1.35,1.6,21802,28896,91853
Dheylo Granjero,2060412,1553,3.91,14.1,11009,36977,70212
N3W_ST4R_M3,859542,159,1.22,1.3,12576,15208,35373
evox x Liswe,1637092,104,0.69,0.7,14154,9640,75912
nɹǝԀ ɹǝpʍƎ,2731523,252,0.89,1.8,14269,12459,130027
BigPapiStriker,978377,483,1.99,10.4,4664,8336,37351
SAVAGE 义,673901,64,1.1,1.2,5428,5874,26719
DramaCorn,975279,577,2.2,8.6,6748,13601,33713
WilsonTheThird,2048436,542,1.41,4.6,11850,15987,84342
ғᴀᴢᴇ ARAKA29_ツ,303044,51,1.29,3.1,1661,2082,12518
primal kcazzy,287561,28,1.31,1.3,2233,2886,11869
TTV cdogz12345,519871,152,0.91,2.2,6839,6107,21748
Lvstphoenix,342443,9,0.61,0.3,2873,1735,15843
da_Kìlo,1191346,315,1.56,3.5,8953,13509,46068
RK Hysteria,634098,105,1.22,1.8,5747,6880,24935
СROUSE,898923,214,1.64,4.7,4532,7078,40160
Stefan -,716471,55,0.89,1.3,4259,3758,32131
استغفرالله ّ ّ,481074,22,0.75,0.3,8171,6129,20907
nugメ,971611,155,0.64,2.7,5678,3525,44370
UZB050,164537,17,0.72,1.2,1390,989,7574
Liquid Harmii,1765726,1079,3.53,8.2,13217,42845,66442
Trévon,1450020,533,2.19,8.9,6003,11958,53159
cerin7,1145368,528,2.59,4.7,11223,27689,39628
CL4NPlayer TTV,278258,48,1.24,3.7,1290,1542,11934
Fen1x Recargado,1218493,78,0.57,1.1,7311,4153,56968
duokiller82,1798875,157,0.94,1.6,9937,9205,80297
DeskPopDave TTV,1220980,124,0.89,1.6,7521,6558,53346
GW_Nephrite,2598256,2305,4.96,21.7,10600,41168,92513
juansit0_BEAT,441743,103,1.36,1.3,7954,10652,17408
KyoFN TV,655956,271,2.05,3.9,6861,13517,23416
VKS rezende,1117936,267,2.81,4.9,5480,14651,41069
Dougall Ya DiGG,60930,21,2.32,4.9,426,938,2121
zbrore,2053725,182,1.2,1.2,14748,17548,87314
娜勒杰迪诶迪勒,519443,62,0.94,1.2,5068,4690,22984
4 Not Hellfire,847923,257,2.55,4,6378,15593,32285
Hazardous Logic,429303,25,1.34,1.2,2166,2878,19433
illuminanceTTV,593994,187,2.97,8.1,2296,6266,21960
GEIL MaXiGuM,44567,4,1.14,0.9,425,481,1798
GeneralMarkan,1330102,66,0.4,0.7,9404,3774,63125
Bunny ӝ,1127320,453,4.03,11.8,3847,13684,38512
C.p_98,570415,77,1.01,1.5,5243,5211,24936
KingFlippurPlays,488745,59,1.09,1.9,3116,3323,20486
Softе,1492867,1882,5.08,18.3,10262,42582,50254
病む病む_,1180241,757,4.5,20.5,3698,13247,38963
not sad bent,551153,378,3.02,8.9,4257,11707,21962
Dom only,1679934,155,1.16,1.4,11377,12983,68088
VegboyWonder,3655496,519,0.73,4.9,10531,7335,169273
P Patrol67,1933301,100,1.49,1,9701,14263,77392
PewLookAlike,101486,7,0.44,0.5,1331,587,5166
Fivaxe,1753631,173,1.33,1.4,12242,15999,73168
Panzerッ,1319654,573,2.88,12.9,4454,11196,48883
Frank372,2053098,30,0.94,0.1,23640,22265,79893
whoSavvy TTV,271199,31,1.1,1,3153,3438,11156
Mencho1x,1639308,191,1.87,1.7,11484,21163,61331
verdu.,2217284,349,1.41,2.2,15577,21421,91800
frayLingers,691452,357,3.53,14.6,2438,7339,24206
npen,2335210,1167,4.41,10.8,10759,42312,78520
mɑster,1357398,789,4.79,11.9,6611,27904,43788
6GG,153262,34,1.63,4.5,762,1186,6670
CrAzZy GiRLツ,471294,73,1.07,1.3,5756,6071,19337
butchersdr,72720,17,1.32,2,868,1125,2980
MaCleanAR,574257,40,0.91,0.8,5109,4629,25779
nAsTYxbone,85869,21,1.36,6.1,343,438,3838
EDCOMED,1665274,177,0.92,2,9004,8146,83480
Spary 69,1359115,186,0.97,2.8,6707,6296,58187
scoutii poo,1560451,644,3.63,9.4,6840,22521,50754
Zoe ム,148859,52,2.04,6.9,755,1433,5478
Mr_Foco_ ON IG,282493,25,0.77,0.9,2917,2239,12140
69ッッッ,370635,350,5.19,24.9,1405,5472,11860
Ghizzawi-_-,373394,144,1.62,3.5,4171,6521,13395
Nekkern88,2836067,307,0.84,2.4,12921,10587,134131
keyboardreyli,790158,405,2.75,14.4,2806,6594,28710
crazy noob21,737878,119,0.78,2.8,4237,3192,32246
ｲﾘムﾑ,149366,32,1.86,5.3,608,1071,5801
Haitorii,298974,25,1.12,1.2,2163,2400,13657
JINZﱞO,1044079,551,2.77,7.1,7731,19911,36164
StyxiΨ,207069,15,0.75,1.1,1320,985,9573
WraithFunky,1326908,126,1.37,1.9,6616,8906,54063
GayPrideGamer,629720,69,1.08,2,3475,3663,28043
bib_hop,43836,1,1.07,0.4,248,265,1911
KKILLER ANGEL,225146,9,0.7,0.5,1964,1368,10122
UwU Cthulhu,103389,19,0.95,1.7,1104,1026,4550
rac711,107596,12,1.01,2.9,413,404,4620
Liquid Alixxa,3015392,1726,3.4,14.3,12051,35148,103137
XxS_Wingert,1491024,375,0.61,5.2,7148,4106,69489
Venasty Ankou,740901,164,1.57,2.6,6239,9546,28742
pughiee,107836,95,2.54,5.4,1770,4259,4118
FraGmenT23,799701,208,1.26,4.3,4855,5860,35984
Jaiden Maynee,380673,145,2.31,7.6,1920,4100,14870
fat deg on kava,6929,3,0.95,2.8,108,100,311
Jano0o_o,68895,11,1.12,2.5,432,473,2907
Jeninator_,910273,222,1.56,1.8,12302,18802,34291
BEQA paranoia,1545200,1070,2.69,14.1,7583,17518,57967
hamadibkr11,1361366,153,1.08,1.9,7873,8322,58277
Каїz,20425,33,3.33,8.1,405,1237,739
x2jordan. iwnl,483471,64,1.24,1.5,4266,5221,18315
Twitch Dakilla84,296368,80,1.88,3,2678,4877,10248
Xen Lvk0 TTV,1022652,274,2.31,5.2,5298,11593,40079
Je2Any Bruce Lee,2086999,171,0.93,1.1,16152,14859,92016
CanDook,3182460,1878,2.71,10.1,18604,45245,132399
Ninjassian,539506,92,1.17,2,4651,5340,21144
CordobezFer,1188186,824,4.21,13.3,6183,22557,38747
Betty Drillza,1699152,128,0.87,1.1,11525,9863,74110
SuperBambiPanda,1034594,67,0.82,1.1,6200,5038,48188
ProgramFN,497311,238,2.46,5.3,4464,10406,15480
Zara Coconut,255935,24,0.62,1.3,1813,1103,12063
nightrixツ,766991,437,2.13,7.2,6082,12035,30162
iloucha,3743291,739,1.52,3,24789,36657,146649
Twitch_PuZiiyoッ,142442,290,5.68,21.8,1328,5898,4797
two pay pau,470396,84,1.07,2.6,3202,3324,19603
Chugga626_TDG,3382617,299,0.92,2,15193,13730,159684
Twitch TritLive,1022342,53,1.2,0.5,11463,13696,43663
SchwarzPanda,16166,4,0.54,3.8,105,55,771
TROUBLE 凸-_-凸,298375,33,0.99,1.5,2201,2137,12848
sky133801,554354,24,1.03,0.4,6106,6247,22566
JJ.1SHOT-FB,976925,396,2.4,8.6,4605,10121,35932
ツCasul,260127,44,1.16,3.3,1338,1495,11123
Redvines,554686,101,1.95,3.8,2633,4925,22038
Twitch ItsCaedo,156278,73,2.12,5.7,1285,2575,6003
CoachNick1,941913,120,0.77,3,4006,2974,43289
Arg-DAVID_KOF,651508,119,1.42,3.1,3881,5347,25270
کLegustک,942381,148,1.33,2.6,5639,7287,41355
лegaл ay лол,1100980,181,1.09,2,9195,9826,46487
ᴛᴡɪᴛᴄʜ UMB0T5,877390,185,2.33,3.9,4774,10704,31754
Ｌ３ＮＮ,268302,171,4.32,19.3,885,3086,9020
Serious Hakid,114613,5,0.81,0.5,984,796,5000
Sahag_TheKing,578252,93,0.95,1.6,5987,5570,24786
Timzoes,2191114,1687,7.67,29.9,5636,30299,61124
THE PUNISHΞR,112924,15,1.66,2.1,712,1159,4442
PG.PETER,1826254,270,0.96,1.5,18393,17385,76812
eboyakill,632640,108,0.48,4.8,2258,1022,30346
TTV OTigreChino,1149428,214,1.21,2.6,8231,9731,47854
Bharat-ka-Sapoot,2663593,534,1.3,4.2,12680,15810,106132
4R4G0R,446945,55,1.15,2.1,2568,2881,18964
mattG3llo_twtch,650982,72,0.8,0.8,9009,7144,26777
CIK_Dusha,1800395,260,1.48,2.2,11758,16984,71372
monkey D brg,966522,124,1.09,1.7,7433,7965,42196
eLiXr Rhubarb,536894,396,1.82,9.6,4127,6807,20393
BotieL,701606,68,1.3,1.5,4459,5730,30718
Soy malarda,319024,19,0.7,0.4,4246,2939,14345
Kubi.,843378,224,1.78,4.8,4627,7835,34402
vegard.stus,283553,217,2.26,7.4,2951,6190,11733
G o l d P r o,261820,38,1.19,1.9,1981,2311,10969
LukeShots,3460801,591,1.15,2.8,21096,23615,141823
4LK SmiteShotz,1285042,678,3.65,10.4,6539,21381,43926
DDM92ϟ,28676,1,0.75,0.5,221,165,1368
Zero is back,220813,21,1.05,1.1,1837,1908,9125
woltaire.,545158,135,2.65,5.1,2647,6664,22155
Joe Bゞ,556406,226,3.04,6.2,3629,10334,22441
LakisLakis77,1066846,34,0.83,0.3,10184,8399,45432
Quikslik,1423278,1693,4.06,26.4,6415,19158,50948
Shadyッ,11196,2,0.69,0.3,617,425,495
Elesawy_,491821,91,0.82,1.4,6661,5376,20492
VSC TdSoqueTeS,176501,21,1.32,2.1,1009,1304,7238
Nightcrawler H2O,1048395,65,1.05,1.4,4774,4955,48037
Dr3ma不,953990,90,1.11,0.7,13833,15213,38458
IAM_MBiO,295007,9,0.6,0.4,2158,1286,15648
사퍼드와이트,94620,13,1.58,2,653,1010,3803
OMEGA.LEB,699198,465,2.92,9.7,4805,12681,23441
luсaa 74,2076290,396,1.52,2.6,14958,22119,86748
Scared2Love,127074,27,1.69,4.6,583,939,5491
KoKo Senpai Ø,544146,159,1.48,8.1,1951,2649,23398
GrampaJ,1998487,208,0.98,1.6,13032,12618,83949
geovani_L2R2,701518,98,1.4,2.1,4639,6379,29805
annoyingfish,3643995,155,0.84,0.5,34307,28632,155638
白 ObG_SɨĐ メωᴱᴱdメ,513201,202,1.61,8,2525,3749,20288
asdfman151modell,691670,466,2.39,9.3,4990,10797,26847
firestorm6876,1672679,96,1.2,1,9404,11172,70248
CaGeDeMiSe,1097356,148,1.14,2,7589,8462,44980
triton SRB,603873,50,0.81,1.1,4454,3586,25848
Koffe7,1880297,600,2.12,5,11996,24173,75339
AndrewKilburg,1184119,474,1.78,4.7,10097,17147,45700
mr.roachclip420ツ,408060,22,0.41,0.7,3059,1230,19977
Admiral Floty,688684,177,1.99,4,4439,8499,24208
ˢʸʳᶤᵃZ3EM,705196,103,0.92,1.2,8481,7680,29227
Mrožec 20ping,3350602,843,1.46,5.7,14806,20392,135437
Blaack_Toown,1335739,211,1,1.5,13888,13629,55343
benzopilа,1375314,170,1.68,1.7,9796,16145,53993
Whistler_ELITE,1919822,141,0.83,0.9,16353,13531,80337
hqr_diver,1394681,150,1.31,2,7544,9698,56276
TTV THEMORIK0,2269954,333,1.88,1.7,19227,35477,89241
Farfadet53,931017,91,1.1,1.8,5053,5448,38150
NotS0phy,73768,24,1.26,3.1,769,936,3001
Field_King,112991,3,0.61,0.5,588,358,5296
Twitch Linixesis,233201,91,3.27,9.9,916,2694,8128
Bіxby,138125,144,3.89,8.9,1618,5739,5202
Walkawaynerd,64260,18,1.12,4.6,393,420,2893
OVA katoo,783601,682,4.21,13.7,4971,18038,28297
Aimbot Bravo,1624385,518,2.55,5.7,9117,21955,57566
Souls OCulien,53812,2,0.34,0.8,249,84,2741
Blessed Gastón,1303388,145,1.5,1.7,8362,12295,51664
Mad Kiwi,2737653,338,1.46,1.9,17721,25297,107703
60ping Devmaster,1046247,264,2.28,5.5,4819,10399,37183
Monkey D. SHURA,494448,41,0.77,0.9,4499,3414,22105
PG Kekkobomba,950774,490,2.12,6.6,7460,14790,39324
SLN QZITU,2212687,492,2.03,3.7,13151,25677,86953
Miro.PL,167345,7,0.29,0.7,1035,298,7988
SEN LupS,483798,269,4.08,15.6,1729,5964,15846
Fortnitedelcaxxo,48699,2,0.54,0.3,708,378,2296
V0N .,110967,14,1.35,2.4,591,781,4956
JorgeBeleza,2209181,261,1.5,1.6,16511,24330,86062
Ghizonator,452557,355,3.15,10.5,3384,9546,16057
LordSkaarj,949377,224,1.53,2.9,7688,11420,37062
teryyyyy.0,1832178,258,1.76,1.4,18234,31556,65086
Mechanics-α-,833968,210,1.38,3.1,6823,9139,32278
IGOR_SENPAI_YT,959935,423,2.28,10.6,3987,8112,35276
FB GIAN ROCK,410351,102,1.86,4.2,2451,4365,15038
ANTandLION,2050626,356,0.76,3.6,9783,7164,91803
reKruLz,323012,212,1.89,4.8,4451,8031,12745
elfyia,136294,44,1.19,3,1456,1682,5601
dann,669919,216,2.25,8.1,2665,5499,25624
Sharpie25,53042,41,1.71,3.6,1147,1887,1860
luizfelipepg,609327,95,1.48,3,3176,4571,25354
SyfexG,465944,61,1.09,1.3,4584,4950,18437
Mamdouuhh1,1710635,202,1.11,1.7,11862,12973,71596
roofnman,3574550,147,0.75,0.6,23993,17996,162815
ItsWiKKiD,1504600,1524,5.94,28.4,5360,22781,47930
Worlds Burning,1083480,340,2.06,6,5667,10970,40576
ttv Veroxr,2753337,776,1.99,5.4,14456,27168,113956
skv1zi02,1192407,88,1.35,1,8900,11857,48038
дидиска,155508,15,1.11,1.7,909,990,6538
Dr DeDaO,1109659,67,0.66,0.9,7490,4899,54192
まゆりと,667104,148,1.86,4.8,3090,5459,26264
9LIVES Crumble,1879885,601,3.05,6.9,8656,24541,73607
LIONJV,712953,151,1.26,4.5,3388,4081,31096
Pato144000,1289327,336,2.25,5.1,6584,14047,43682
scoop_007,839223,630,3.38,18.3,3450,9528,28482
Decent William,74511,4,0.7,0.7,571,399,3278
الايم الخربوط,851860,208,1.31,2.9,7077,9026,34494
strayaares,106478,24,1.57,5.9,407,601,4727
bestplayeranto,1453089,144,1.35,1.5,9321,12403,62632
Matsi yessir.,774395,101,1.24,1.7,5881,7158,33197
sᴢᴇғᴜɴᴄɪᴏ fαѕтєr,911478,65,0.93,0.8,7753,7127,39048
ALESSIØ10,1081079,307,1.9,5.8,5336,9579,42756
J_Nice04,1676811,44,1.11,0.4,10063,11121,75258
Nox_Max,752981,177,0.89,1.6,10854,9516,32636
CROPTOP Dylan,3439496,106,0.21,0.4,24887,5321,220536
MrBartell on FB,1076723,322,1.94,5.6,5799,10643,44984
Justiph,1419572,299,1.75,3.7,8181,13831,51526
molaz1,344375,42,1.02,2.2,1869,1863,14717
PADRINHO 240Hz,564455,71,1.19,2.5,2821,3273,24426
DecayingTunaLips,2850925,108,0.72,0.5,20193,14464,127476
CruelShredder,337919,53,0.61,1.5,3504,2107,15827
PvpUprise.,1561793,448,2.36,5.1,8751,19589,62031
ehcruz Ψ,888244,153,1.04,2.2,7084,7208,36582
Hootyhoo,855385,162,1.7,2.7,5919,9765,35555
Punisher-ك,971544,102,0.96,1,10067,9534,39228
NEW vinny,1128381,384,2.01,3.9,9927,19195,47114
PumpMeHarderPapi,2411764,1659,5.31,20.3,8179,34602,75041
iTøxiic ツ,1287167,193,0.98,1.8,10501,10080,55560
VIPEX avok ӝ,2153978,132,0.83,0.5,26642,22007,88657
DreamSketch,2447216,642,2.48,5.5,11618,27255,86387
zxcv -iwnl- 圖例等級,1881349,132,1.13,1,12623,14131,86349
NorCal Kаi,66734,53,3.16,7.9,668,1946,2121
Persicutor,1210753,514,2.03,6.7,7658,14535,45057
NoobBryant,468950,65,0.9,2.1,3168,2798,20728
Twitch Khemzah,345137,39,2,1.5,2670,5270,12335
AquaFizz,1508510,309,2.03,3.2,9667,18980,66446
BrotherDarkne55,218991,149,1.94,3.5,4303,8078,8595
Kun0HD,757636,70,0.81,1.4,4838,3860,35286
Tokyo Blade,1557685,261,1.02,2.5,10559,10534,66000
RageFaija,632231,57,0.62,0.9,6359,3910,29013
Twitch_안느,758574,197,1.7,3.7,5254,8622,28711
M1chael07,408411,61,0.84,1.7,3620,2980,17857
Smoke 200ₚᵢₙG,96309,23,1.48,1.7,1349,1956,4081
Siуang YT,1968137,973,2.94,7.6,12732,34551,73728
10ironhead00,3188620,321,0.91,2.4,13648,12161,140720
RS OP ytOviPatac,323134,63,1.35,2.6,2387,3128,12515
2jz swapped,2032866,1317,4.89,16.2,8136,33349,61484
shaxxnd .,1446944,545,2.38,4.3,12787,29106,55347
kika チ,1607184,506,2.66,5.4,9330,23444,59461
Twitch xxSHIFTx,82235,27,2.49,6.6,408,947,2752
Marduniano,1340327,153,1.72,1.8,8591,14500,55503
SneakyBets,1772588,402,2.22,4.6,8745,18505,64045
JPipita7 TTV,1394788,387,1.28,5.7,6764,8184,59329
1er World Cup,749409,1172,4.2,16.5,7097,24892,23792
ClearlyOutPlayed,296721,15,0.87,0.5,2908,2503,12418
Techtie,128921,46,1.51,6,765,1086,5110
Blessed Takaツ,1008476,558,3.17,12.9,4339,11981,34254
TTV DarkSider85,1046468,108,1.29,1.2,8792,11187,44189
WERRRA03,1042842,129,0.9,2.3,5611,4947,46853
ItsSimplyDanny,444273,189,2.68,7.7,2463,6097,16017
ARK MustafaAbi88,2019137,369,1.02,3.2,11590,11431,84895
FzDDDDDDDDD ツ,811545,307,2.34,7.6,4048,8741,28952
Gamma Ψ,673590,77,0.91,2.5,3053,2717,29113
Boneman 74,2180743,186,0.77,2,9185,6942,95137
L E Ó N.,2219568,276,1.41,1.8,15634,21655,85846
pufinzム,582849,311,4,12,2581,9077,20806
New Killing,1380393,77,1.18,0.7,11817,13879,56801
Crysonek,350927,65,1.4,2.7,2392,3248,14444
behrooz4248,1682562,230,1.13,3.3,7069,7733,69889
Platine 永,1392548,151,1.1,2.4,6411,6899,61078
pari93,174115,27,1.25,2.2,1242,1523,6980
CheQeMatt-CsK,1731070,257,1.25,2.3,11375,13870,71663
herK0kales,1533591,164,1.34,1.3,12686,16721,59160
LNDONY,2134902,631,1.9,4.5,13962,25354,86958
M10 Pepper,942366,859,4.39,19.2,4481,15886,36415
DAVIDLAG-ECUADOR,1088385,258,1.52,2.7,9645,14305,39928
Eton1127 YT,2137532,194,1.2,1.3,15347,18143,93604
Father Brooks,153639,90,1.85,5.7,1587,2768,6303
Sрicy,2215357,1847,4.23,9.2,20001,76734,79948
Jonny_Quinn,1588753,655,2.48,6.6,9924,23002,56272
rhihno,1548577,529,2.72,7,7588,19189,58600
BaySoldier,1198540,778,3.61,8.6,9081,29955,43983
Ackerman 76,625820,120,1.73,2.6,4605,7754,22498
DubNasty23,3276606,371,1.01,2.5,14699,14449,141851
D0nger.,54535,6,1.41,1.5,397,553,2275
Mampuu,352174,98,1.49,5,1958,2773,14057
J0hny sinss,836643,217,1.83,4.6,4756,8303,32786
аkiooo.,846001,160,1.68,3,5339,8695,36665
NEW KidPlayer,1067470,298,1.65,3.2,9355,14955,39464
ArielMove,2448747,385,1.24,3.8,10032,11957,102912
LumacY,947129,732,2.68,10.3,7109,17102,33799
あの谷次郎,129017,22,1.01,1.9,1149,1139,5260
MΑTTΥP,36503,23,1.87,10.7,214,357,1423
sF Leyenda ツ TV,1187673,420,1.64,6,6944,10673,47498
AgroJ YT,590733,91,1.26,2.1,4249,5258,25431
MsPoison_IvyTTV,1161008,48,1,0.8,6373,6344,49191
Guru Guru Waton,118248,17,1.2,1.8,926,1095,4765
OMC Nuchos,263978,47,0.85,1,4660,3918,10911
glaner jo,185062,11,1.66,0.8,1305,2146,6696
Retruffox,446269,175,2.09,3.8,4604,9273,17013
Buros13,798828,111,1.33,3.1,3630,4676,33332
ᴹʳ.GLΘPEZ ᴳᵒᵈ シ,759118,52,1.07,1.3,4158,4403,33202
SOX_Eastpak,572679,145,1.31,3.8,3795,4775,22655
faria,119764,280,3.05,7,4022,11415,4706
JACK PALANCE,527973,25,0.95,0.4,6009,5664,21152
ZodeXӝ,1123364,357,1.79,3.1,11685,20234,40591
Abduzido 999,1914192,818,3.38,8.3,9842,30534,68441
Iluvhugs,1233516,339,1.52,3.9,8774,12858,51175
ÄĊỆ,1286927,423,1.98,5.6,7532,14079,45381
ApexMinato,797044,234,1.64,3.4,6932,10953,32360
xDerfelCadarn,3436439,263,0.9,1.2,22717,20182,162232
CookiePeanuts20,5439,1,0.51,1,100,50,246
Stanley._,1879415,174,1.42,1,17293,24389,77335
Ethereum 10k,745541,44,0.86,0.9,4970,4225,32976
twitch_evermix19,809390,76,0.71,1.5,5129,3611,37925
Lowborn007,1255584,74,0.87,0.9,7796,6703,55134
Bi TAX YT,247561,54,1.03,1.6,3315,3367,10678
breakdownlow,1009945,84,1.16,0.8,9991,11481,40860
TTV Unlucky man,909175,150,2.2,3.2,4670,9929,34806
VARCH4R,217690,63,2.33,6.2,1014,2213,7664
GkingTV,150243,11,1.43,1.3,855,1206,6348
ilMos7ro,559682,278,1.74,4.7,5903,9794,22282
Кrush,2086464,293,1.56,1.2,25090,38780,75252
xJeFiiN,689254,517,2.96,15.8,3274,8159,24483
baby estefi,623677,111,1.33,2.7,4094,5286,24769
Cz - xSn0Wツ,234436,40,1.33,2.2,1847,2401,9845
Rub e pera,1311632,150,1.06,1.7,8698,9034,57141
twitch_Janivi,1074440,142,1.09,1.8,7704,8236,47095
عبسي1998,697123,82,0.98,1.3,6540,6310,28372
KING-HYPER.,192961,60,1.09,3.5,1705,1788,7749
PuzzleMagnet,53345,2,0.47,0.5,438,204,2730
A6usM,942187,210,1.59,3.4,6121,9376,40731
SRD_iRehzZツ,336464,81,1.62,2.9,2786,4380,13312
qкeu,450358,102,1.61,4.2,2445,3781,18791
Juicycrits,1098398,989,4.25,17.3,5719,20126,34966
headz0tHD,2459658,344,1.51,2.1,16354,24247,110181
pr1nznook,369165,99,2.23,4.3,2314,4933,13866
sиow OhSiNena.,797678,256,1.48,7,3681,5060,35573
MASSV3,3396390,255,0.9,1.1,24149,21403,149224
Micro Temper,67378,29,0.78,3.9,739,556,2869
TTV-Mark_Jess,743118,121,1.28,3.8,3214,3949,31580
DasLooney,18566,0,0.26,0,258,66,908
NIGHT X ZERO,611792,94,1.06,1.4,6542,6823,23359
tizycribs,1529655,322,2.01,4,8113,15698,67815
Zіd FEHU,1779654,585,2.87,4.5,13101,35897,65500
RAGNA-AU,1791983,1240,6.72,25.7,4822,24088,50476
SHS Strix 75,1664630,247,2.06,2.3,10753,21608,62379
DZeSports Karim,1116919,408,2.89,5.4,7597,20800,40036
HS oTACHE,196122,46,1.37,2.3,1997,2671,7955
Twitch GoatyyF1,1948731,647,2.43,6.9,9368,21217,79046
trips ackerman.,902339,119,1.69,2.1,5765,9534,37404
Mypkun,32562,2,0.34,0.1,1551,523,1991
IamDrunk.,886987,197,1.39,3.4,5857,7854,33878
Sologamer,1629996,1507,4.47,14,10788,41527,50694
JhnSmallBerries,2531534,973,0.9,10.7,9087,7329,112814
MIB MiSTiCzinhoღ,1292889,448,2.19,4.9,9160,19054,50878
Yamasaki_,931663,366,1.48,7.8,4693,6401,38163
ParniValjak77977,2352645,280,1.11,2.4,11558,12493,102990
Elrawdy,939713,76,1.75,1.1,6942,11989,34291
нadley вc,530752,166,2.12,9.6,1722,3299,20320
ƬᵉᵉƊᵃⁿᴳ,626570,115,1.59,3.9,2914,4462,26346
FAMEaKi TTV,274064,116,1.8,2.9,3996,6987,11018
ttv mario600gsrツ,445332,131,1.02,2.8,4746,4689,18360
ЯモDモΨモSBLモSSモD,680041,91,0.83,1.4,6714,5476,31489
ᵀʷᶦᵗᶜʰDannyTrips,137202,13,0.98,1,1368,1332,6178
IG Kamalo,734463,376,2.54,7.2,5227,12312,26048
шноisdeyvid,1865005,112,0.94,0.8,14309,13346,84181
Rage907,143727,24,1.26,2.3,1030,1271,6316
UEC_GameMaster15,173255,35,0.91,1.3,2701,2418,6910
Raikku.,1828923,936,1.84,8.3,11295,19033,74591
NeFs Stodul,909765,196,2.37,2.7,7197,16600,33370
Ꙅnakebali,1387350,375,1.66,4.1,9130,14513,56422
J Infected HFWD,733033,57,1.07,1.1,5279,5568,30797
tbz92,366075,109,1.83,9.3,1169,1944,14712
SOUL KING Ϟ,418139,80,1.36,2.6,3024,3991,17043
1Royal Ridge TTV,134642,20,0.63,2.5,789,488,6109
AL Rabbit神,135089,19,0.96,2,954,898,6554
staralliance74,1272293,46,0.7,0.4,10291,7210,56284
Riddle Maufin 7,1114573,777,5.6,14.5,5369,25731,38604
fiftytwo66,2973183,234,0.86,1.2,20062,17055,126960
MariStiko TTV,630939,63,1.25,1.8,3598,4410,26578
Méalune,286285,54,0.79,2.4,2263,1741,12650
Stufdyamomma,772123,283,2.2,6.5,4359,8956,27424
zeemace,1124144,366,1.45,5.9,6233,8501,45636
Montiso,934132,156,1.44,3.1,5063,7072,43052
Code SAFE,97508,54,1.76,5.4,1008,1681,3643
jеtеr,2462194,174,0.8,0.9,18600,14745,117284
PsychTazeTV,2355664,180,1.43,1.1,16199,22986,96843
Tabbassat,866415,175,1.41,3.4,5199,7105,33463
Twitch HeyimPal,151429,18,0.96,1.1,1591,1511,7027
code tvRoshi,704433,47,1.17,1.2,3788,4384,31656
NTNS NIKOLAS,103662,4,0.74,0.4,1078,795,4386
FatalBroccoli,1144426,185,0.81,4,4671,3612,54624
TikTok Boombi4es,2033835,305,2.24,2.3,13359,29285,74161
lućano 87,958078,711,3.18,11.4,6224,17519,36010
Old Man Haze,635393,218,1.95,4.3,5110,9533,22491
ur mad 11,704748,201,2.13,4.6,4392,8947,23007
55easy,1515651,133,0.84,1.5,9095,7497,68593
GL bykn,1925584,1171,4.49,15,7799,29730,72637
FreshD. on YT,520685,73,1.4,1.5,4741,6546,21902
TTV EVO LilRed,304925,13,0.62,0.3,4107,2555,13330
Epsilon_Radamas,416238,84,1.6,3.5,2403,3705,15974
WЁS,838548,148,1.54,3.4,4413,6553,35080
モイスティマーマン,587830,122,1.3,3.3,3730,4681,24446
TTV FallxV2,1100256,1085,3.99,12.4,8718,30434,41963
Aspö-DIGGA,1029101,241,1.88,2.9,8370,15313,37933
rikardopl,461730,137,2.08,4.3,3172,6303,16438
ΨּدڶــۃڦــﮪــﯣۃΨ,1081937,219,1.38,3.4,6348,8485,41871
AngelBvibin.,1365632,75,1.29,0.6,11625,14897,53443
Yaggїシ,900791,79,1.04,1.2,6579,6769,42108
Lyóko,271090,46,0.9,1.6,2878,2555,11521
lady_cookie_mor,58119,8,0.61,2.5,319,189,2736
Snykrr7,963449,63,0.77,0.8,7610,5834,44696
FB Lorindos,1423821,254,1.59,4.1,6261,9541,56165
DoryanLepro,309618,44,1.23,2.5,1729,2077,13136
xingxiddenxngel,653972,103,1.5,2.9,3565,5194,25718
IMMORTALOFDEATH,59205,6,1.04,1.6,378,388,2541
ZP_Cris 144Hz,1297140,582,1.91,6.7,8684,15457,48323
Ac てぃあのすけ 鮭,1018028,238,2.01,3.8,6320,12219,41108
YT_BadKarmaGR.,1763118,1350,3.32,10.8,12487,37015,61141
Chlander.,354552,30,1.04,1,2943,3020,14429
Colonel_Calico,268133,36,0.84,1.5,2349,1945,12496
ONYX AZZE-,1063292,508,3.8,9.5,5365,18449,38990
00LaPlume,54095,5,0.63,0.7,722,455,2279
aDamn_mf,884287,188,1.77,3.6,5180,8825,33682
Castaway Ball,297018,202,2.8,14.6,1386,3316,10354
MFZIG,662389,108,2.26,2.6,4192,9245,27397
Ergyt,2047850,1477,2.88,12.1,12241,30975,86299
Procoro,53793,80,1.97,4.9,1619,3034,1998
HolyMoses75,3076621,138,1.19,0.7,19162,22671,124770
MrMasterWong.ttv,604420,67,1.39,1.4,4628,6337,23099
BLEIKRAY,88129,11,0.94,0.6,1936,1801,3669
DJOKATRON 1g,1236016,385,2.22,4.5,8623,18307,55264
FaZe Funk,1518170,1568,5.58,18.8,8362,37893,49702
iKee_.,1406751,684,2.77,6.9,9872,25463,58190
ᴹᶠᴳ Nannya,64534,7,0.58,1.3,525,301,2994
ESMEGMATRASERO,288201,128,1.41,3.8,3391,4614,12446
Stixxu,535038,101,1.11,3,3401,3655,22236
Ashbørn,1500597,1444,4.82,18.6,7766,30494,44723
MCES Andilex,1325453,710,4.05,10.9,6526,23560,49345
kita ℭ,240481,47,1.34,1.9,2444,3212,9636
leezy36,570348,127,1.47,4.4,2910,4078,22882
ivanhorustwitch,402858,99,1.4,2.1,4769,6553,18564
Caslato,2045565,292,2.12,2.4,11995,24822,79486
ƒx Impulse,1115833,365,2.42,6,6067,13819,38104
Epsilon_killerYT,261515,86,1.24,2.8,3123,3756,9101
1337gage,1025084,556,4.29,12.4,4495,16907,37295
rustyachelfg ӝ,1289888,636,3.95,8.8,7239,26065,42455
Twitch Elbotv,568631,36,0.78,0.4,8021,6253,25113
Straight to bed,380752,105,2.11,3.7,2868,5830,14823
Hachiko.31,1076711,176,0.67,2.5,7165,4698,49401
SprizuhTTV,966514,625,3.4,12,5218,15601,34572
ℱhyzMyDudeᵀᵀⱽ,820423,156,1.13,2.9,5332,5851,38346
Hiếu Nà Ní,1046570,99,0.79,0.9,11071,8684,54553
T-Roy Jenk1ns,235768,16,1.03,1.1,1518,1554,9790
saD EZΞ,1035258,233,1.15,2.5,9445,10639,44265
ᵛᶰシX.THÀNH,159291,58,1.87,5.7,1017,1797,7432
Chelseas Simp,415488,298,2.93,8.1,3659,9845,16882
ApplesToApples,127988,201,2.57,10.4,1937,4465,4893
ehPom,925966,401,3.28,7.5,5330,16174,33231
WF Einstein,966531,241,1.99,4.7,5119,9686,37590
Grrr Sadness,236337,53,1.58,3.9,1362,2068,9314
TaCi drecu,199565,20,0.74,1,1996,1472,8766
FBSilentRenegade,919020,467,3.38,13.3,3501,10258,30423
rehx cr,1080959,540,5.3,16.5,3267,14442,37219
LesterInc,2173794,383,1.89,3,12977,23859,78653
The Wagon.,650125,48,1.03,1,4757,4865,28013
丂爪OT卩0Ҝ乇尺,1203193,181,1.45,2,8990,12731,48502
Twitch Lubester,994186,330,2.59,5.9,5552,13512,37502
Twitch Flubur,184750,56,1.92,1.7,3275,6177,6767
antoba3,567170,345,1.78,8,4314,7055,20450
noβiτα51,1821004,273,1.43,2.7,9983,13863,73444
snowrid3r.,2028292,222,1.02,1.8,12164,12124,89501
Gladiator 父,818979,289,2.67,6.4,4535,11316,29069
Zain_dxbTV,71016,13,1.6,3.1,421,651,2796
Mr.Jaxxx,884793,259,2.2,4.7,5456,11410,37344
ZumbaBRO,55897,12,1.22,3.7,324,380,2256
GAMES GEEK YT,1252218,293,1.67,3.9,7549,12139,47061
Brandtmanǃ,1284949,497,2.05,7.5,6668,12648,52437
Twitch DjokeiRRӝ,1617553,112,1.26,0.7,15216,18986,64072
Alley_Katz,207913,26,1.76,3.5,737,1249,8559
ThicccccccccTaco,379479,35,1.29,1.4,2463,3128,15890
LokaPower,313528,126,1.7,5.2,2421,3897,12658
دايخ ب زمن بايخ,230083,58,1.53,3,1920,2840,8539
TWITCH brehhskii,1186354,204,2.12,2.9,7025,14441,44847
Jendawy,1007624,623,2.45,7.2,8690,19774,40217
Lacyboy21,229592,26,1.09,1.6,1672,1786,9492
tna ops scam me,1664802,556,2.6,5.5,10171,24962,63460
Sidth ϟ,430361,108,2.06,3.2,3343,6677,14723
TBLACK_MaStEr,1197145,91,1.07,0.8,10777,11384,48635
Spl_akaperejil,988051,79,1.42,1.1,7211,10115,37819
RD_ShadowWarrior,473095,152,1.36,5.4,2812,3623,19189
Labouviette,1344451,239,1.32,2.4,10076,12947,54971
Logan OG ツ Ψ,1793250,506,1.35,3.8,13272,17239,71710
itsSakr,442062,85,1.47,2.8,2990,4284,16773
ꙮKυʂԋKιʂʂҽʂꙮ,82790,12,1.09,1.4,830,895,3509
Twitch Sreys,290046,434,3.26,8.2,5302,15886,11992
JimB0N_,983299,228,1.33,3,7583,9752,43092
eRa kingguii,1646381,128,1.11,1.1,11511,12611,71883
BABA ON TROVO,1385662,54,0.97,0.6,9718,9394,62122
mastrchickn,457512,179,1.79,6,2965,4976,17785
BAKUNC,1513677,202,1.14,1.9,10548,11806,63261
feArless AbuMosa,696669,99,1.52,2.2,4477,6647,28631
LOV_GANICUS,2116804,670,2.17,8.6,7767,15410,83095
IZUM0X,333306,75,2.08,5,1487,2931,13076
Ragnarok.mbk,1781698,1006,4.98,11.9,8434,36993,56877
fredrickzoller01,483870,251,3.04,9.1,2773,7668,17927
シ Tripple シ,812146,537,2.13,7.3,7342,14494,31124
Mr.Titąn,737902,253,2.29,4.3,5915,12942,29269
Juli_ARG,2997645,955,2.16,5.7,16620,33832,107874
ttv. Au_ThatHurt,403928,161,2.11,6.8,2383,4689,15409
Twitch Jayyyurr,519714,119,1.94,4.1,2912,5406,20167
ΚΙΚΙ.,735056,88,1.52,1.9,4641,6928,32928
imBackhou,842869,510,3.28,12.1,4226,12196,34512
ṨHADOWッ,93456,26,0.87,1.3,1978,1699,3788
SRN MiST,1779622,841,2.09,8.6,9748,18575,74004
cleyton11 TTV,796221,228,1.65,4.8,4796,7557,33130
R4Doc,2299136,505,1.71,5.7,8817,14187,93203
Ttv Don_Ivory,149499,22,1.46,2.4,918,1305,5858
KenMcCullough TV,658450,33,0.67,0.8,4368,2890,31518
KFC_Z4-77,1716108,87,1.14,0.8,10752,12169,70962
Lil Ahiahi.,1784082,985,3.05,20.6,4773,11540,66401
Yg M1nw3r 7,1699512,206,2,1.7,11835,23209,64611
Bro it is me,797130,92,0.75,1.2,7853,5819,33851
Nabbo43ver,663248,58,0.98,1.8,3229,3120,28832
greenbeanmatt,613959,190,1.83,2.5,7452,13324,23214
Massacre_all,1287658,122,1.27,1.7,7064,8782,51860
User-f89b7b9029,1342573,171,1.77,1.6,10776,18790,49572
Im Zando,1603112,545,2.45,3.9,14119,33302,61518
RexKarni,1721943,328,2.08,3.9,8480,16974,62718
Aztack,601486,176,1.38,4.1,4306,5682,26196
miLk_33,365871,39,1.14,1.7,2256,2522,16364
Juliana x,368430,28,1.02,1.3,2158,2171,16981
etcher.,1864561,332,1.04,4.3,7705,7646,82330
skodx,871701,77,1.52,1.2,6213,9312,35671
90 PING NOOBY,840670,348,1.8,8.1,4311,7124,31354
OG Orio,104170,17,1.57,2.6,651,994,3891
JohannSilber,1961383,279,0.76,2.6,10774,7940,92100
Focusᴿᵉʸˡⁱ ӝ,883405,126,1.43,1.5,8526,12010,33582
xkom AGO Kettle,1133628,254,2.81,3.7,6929,18781,43069
synzao,2145429,1396,5.04,15.4,9081,38746,64439
TTVGrazyna123,219937,46,1.6,2.6,1803,2803,8515
Wαsαbι,1857020,1385,2.34,11.5,12045,24915,71763
Notorious Lo,22837,5,0.69,1.7,296,200,1011
Waliza B3zli,918495,125,1.64,2.3,5331,8558,36576
TTv Rainboww420,1378233,492,2.01,7,7077,13232,54234
petar1582008,3289700,656,0.9,5.9,11037,9332,146657
Cazy Fox,480363,88,1.28,2.1,4195,5239,19844
I_TheDarkSide,2726212,549,1.15,3,18289,20465,115979
WoJtAzInKa.,1741188,460,2.14,3.3,13910,28760,59504
arc0se ttv,611250,233,3.14,10.3,2254,6354,21753
Oblivion Smasher,364212,11,0.39,0.2,4871,1874,16940
Normich,88834,20,1.28,2.8,708,880,3843
MR_KOKO_UAE,586313,89,1.85,2.8,3172,5690,22577
Die Weißen,1774675,278,1.31,2.4,11486,14643,79348
PSYCHO Maestro7,1566925,233,2.49,2.3,10234,24890,56468
FB Sketchy,1318765,469,1.81,10.2,4615,7485,53737
PiNoCh82,2212892,1057,1.7,11,9581,14497,89450
Shayustv,678322,611,3.93,12.3,4955,17068,23966
JayRᵀⱽ,340896,50,1.87,3,1674,3031,12867
FB JusticeRolls,997042,124,1.29,2.2,5683,7194,42620
Drolby Crypto,2493283,1486,3.84,12.9,11497,38468,92408
SAQR Souriаnо,1211468,624,3.65,10.1,6197,20364,43093
Quartzy ӝ,1686134,179,1.39,1.3,13577,18628,73529
ToXic_Creiven,619048,144,1.4,2.2,6468,8849,24113
Aykut MT,136514,18,1.43,2,912,1282,5364
CapiTanSalchich4,2714186,180,1.02,1.3,13689,13736,120145
W.Y.D.D,466102,329,3.19,7.7,4254,12511,15746
WsaMZ,436054,66,1.63,2.8,2398,3793,18042
el bot L4r0us.,1221134,390,2.14,5.1,7666,15605,49668
Ninja,743902,2234,9.21,29.7,7511,48620,21730
おいちゃんくん,962243,225,2.48,5.6,4016,9387,36239
やんキーくん,261300,82,2.2,5.4,1509,3146,9680
Guizola tcheco,1052697,141,1.92,1.7,8337,15767,39662
SK Perikan,1890301,273,1.09,2.9,9470,10024,80295
ᴅʜᴋ,761160,364,2.8,12.8,2852,6967,28376
Eskosr,982031,723,6.96,32.5,2224,10445,30317
kuchilo,441696,138,1.45,3,4656,6568,16904
Atom Onslaught,841494,129,0.97,1.8,7265,6931,36659
yogartFart,1447992,965,4.29,13.5,7128,26420,53543
AlbertPGames,577722,122,0.96,2.9,4186,3899,24858
SuchA_FabrUwU,663733,127,1.55,3.1,4080,6122,26038
ɛɗuzɛx pɑgѳɗɛiʀѳ,999737,83,1.48,1.2,6649,9714,42030
Barney ઽєʋ ⓐⓜⓘⓖⓞ,1317828,60,0.85,0.5,11975,10130,56431
Dv1 Cichy6,913793,183,1.19,2.8,6578,7590,37104
DinD0ni,275629,17,0.95,1.2,1431,1344,11890
GodFire 40fps,742981,238,1.46,4.9,4899,6811,28559
ChefShabbа,1268156,412,2.74,5.3,7803,20219,44793
Mende.Z,623408,126,1.41,1.6,7766,10739,23482
bonlad,891503,366,2.66,8.9,4112,9946,32393
Twitch igzufn,1670193,134,1,1.1,11746,11643,74424
Mason3FN,1368438,192,1.6,2.3,8365,13102,57381
shein 32,1799057,740,1.67,7.2,10308,15966,70456
IamThedd,1340390,161,0.86,1,15922,13583,56785
Tomahok21,1116578,117,1.13,1.5,7848,8712,44014
JAY REMMY,825465,365,2.81,8.2,4445,11477,30280
SAd NtinakiDim,397782,82,1.09,2.9,2797,2960,16839
Junglah,937154,466,3.22,9.5,4931,14363,32977
WarriorPixie,263721,12,0.67,0.7,1807,1210,11824
THC_LokoBCN,922366,126,1.05,2,6380,6575,39651
Pandore Red,1072469,232,1.8,4.9,4745,8110,47784
HIƎI,1182745,105,0.86,1.5,7142,6067,53603
Soy 4Bayte,513494,180,2.18,4.8,3733,7749,19113
Skilryl,1163165,91,1.29,0.7,12245,15638,46042
Papa Schultzz,1257559,270,1.44,6.5,4143,5588,52075
KindaMicko,879271,105,1.54,1.7,6209,9388,33293
Jakk3dd,430940,213,3.2,10.1,2101,6036,14321
HERES VANDAL,666544,208,2.02,6.9,3005,5643,25297
LOKO2g,182711,88,2.27,4.7,1859,4018,6621
TiltedXanax,2175622,285,0.91,2.2,13142,11646,93824
LTS DrN,1756706,213,1.41,1.9,11199,15470,75551
gυsтıη,691306,93,1.38,1.8,5255,7119,29143
Fr0s7-G,610247,234,1.24,7.2,3258,3761,26382
DJJCAP,1305545,131,1.19,2.3,5803,6765,54444
ᴰᴱᴹᴼᴺᴰˢ Heritas.,1442387,131,1.09,1.4,9553,10258,61103
Le Vétéran,581957,49,1.07,1.2,3950,4188,24559
Mctr 31,815563,200,2.27,4.8,4200,9095,32573
Kerneyh,783184,127,1.76,3.3,3817,6502,34161
Cleхi,782230,106,0.79,1.7,6239,4839,34523
Elba_zurita28,642126,34,0.68,0.8,4009,2704,29893
R4W BILAL,500370,96,1.07,2.5,3802,3974,20202
SATIS TheFeloz ϟ,1206673,429,3.23,8.7,4950,14589,44188
SaltyTV.,176165,64,2.23,4.7,1348,2869,6301
Albraiik,1331138,1030,4.11,11.4,9003,32732,51244
VwolfHD,1601639,747,3,7.8,9540,26401,58336
ProStraTsS,797529,278,1.59,6.7,4122,6118,31257
iDrop .,1199610,369,3,7.4,4992,13889,44867
iAventado,1500254,578,2.47,8.4,6848,15474,54296
ずっきーいずごっど,581320,374,5.46,22.7,1645,6944,18228
Sabi .,1903816,205,0.98,1.2,17261,16694,79530
Zero Kash,374719,49,1.49,1.7,2929,4282,14410
Chickuh,13598,1,0.41,0.4,233,96,661
iTs Yanis-YT,1191522,85,1.16,1,8521,9819,49919
OOGYFISHY,1232107,191,0.96,1.8,10593,9969,52226
LP toothpiqk,184367,218,2.76,8.5,2567,6490,5802
Tiger_Sniper7,70656,23,1.1,4.9,472,495,3022
NightOwlLuna,6876,0,0.26,0,106,28,324
974RoyalTTHIASMA,1060254,95,1.8,1,9695,17256,38809
100T MrSalsiccia,914180,209,1.47,2.2,9355,13468,34871
TwitchGipsy_loko,948071,58,0.91,0.9,6420,5804,41253
Watary-DtoXx,291927,67,0.71,3,2238,1537,13372
CONANIZED,502448,55,1.24,2.8,1948,2340,21423
Patron.Raf.420,1557337,796,2.22,8.7,9132,18506,57544
Nhel Dormilonzzz,978768,242,2.23,4,6010,12886,37345
GW_Lettuce,390041,249,4.59,18.8,1327,4947,15228
Daddy Skipps,10630,2,0.26,1.4,141,36,489
Denkerh,1002035,109,2.03,1.7,6428,12851,35841
MDF_LaRKiN,334664,47,0.91,1.5,3148,2825,14146
lamprosokiller,410731,80,0.52,4,1977,982,19601
Beznickos -_-,1344127,681,2.88,6.6,10261,27615,50845
Jo zo,286421,78,2.09,2.8,2760,5603,10639
Twitch Ovotz,1398932,616,3.4,8.1,7610,23789,47947
ZealousPumpkinTV,119937,46,1.48,2.8,1637,2354,4555
KPI Swapz,1219803,587,2.85,6.4,9112,24260,49929
REBEL ARMY CINC,158063,4,0.43,0.5,800,341,7814
Y_modab_A,66640,16,0.99,4.3,371,350,3125
ᴢᴇʙʀᴀ.,980487,110,1.34,1.7,6350,8353,42248
Tkツ,634429,194,1.51,2.3,8486,12490,24947
Rey de Oriente,1044577,222,2.14,4.8,4640,9465,43460
Antw8n,3284575,581,1.49,4.1,14196,20289,131773
Kaoony 父,2244988,477,2.21,3.9,12296,26064,89009
DerECHTE_045,2625413,243,1.16,1.1,22314,25553,99787
NRG NoMercys-,293429,17,0.63,0.8,2108,1321,13189
Crutch Lips,581446,62,1,1.8,3464,3413,25092
MANOLITO_CHILE,738057,126,1.38,3,4150,5559,30667
DuffedGlizzy69,584305,72,1,1.3,5725,5651,25435
кeybОard,1468643,265,1.58,2.1,12894,19919,57813
Mel1К3,1295277,200,1.5,2.2,8907,13025,54286
ᵀʷᶦᵗᶜʰ AlexayFTN,184850,50,2.1,3.8,1326,2683,7051
woow.919,240523,138,3.15,14.2,969,2621,7678
DaiWynn,1613986,765,2.01,6.9,11139,20871,61697
BENJYYTHEDEMON,2185501,1986,3.51,14,14139,42701,86048
APOIE theeusftn,1290127,203,1.95,2.6,7855,14945,51783
Λ Fighter Λ,139318,9,1.06,1.1,840,883,5938
ImInTheJungle,655163,488,2.47,8.1,6031,13676,26030
Geri.-,1005589,1152,5.14,25.8,4471,17065,28719
windinhishair,174754,44,1.55,4.2,1039,1540,8883
Twitch YkzTofu,717170,128,1.93,2.1,6193,11700,27675
HueyIFreeman,2755482,507,1.69,3,17095,28102,110511
VRTX Tekmarr,1537475,559,3.87,7,7983,28701,50603
Ƶ Ø M Ƀ Ɨ Ɨ 67,51476,4,1.28,1.5,260,328,2291
USE CODE -IQG7,1119389,35,0.88,0.3,11746,10311,50246
SchatachlKill,1415334,361,1.6,4.3,8302,12679,58602
BL SliX,1221604,503,2.86,6.4,7918,21230,48164
ooシシoo,1321540,498,2.27,8.1,6176,12886,52599
DGusta96,946594,294,2.61,5.6,5211,12839,36678
ZeZ_Chimpanezz,444971,251,2.87,11.4,2195,5574,15656
PlasticDreamssTV,653785,171,1.64,4.1,4159,6527,25800
Twitch Chica_Tw,626624,42,1.49,1.1,3843,5678,26863
ePandas Setunia,541975,71,0.84,1.3,5579,4614,23423
TD xKumu,841991,458,3.29,9.2,4994,14940,32102
Ψ king,826672,80,1.15,1.6,4918,5554,38563
Рlunger,565505,123,1.9,2.3,5240,9734,21143
DommyLlamaTTV,1935559,100,0.88,0.9,10726,9330,88090
KZR Kevzter.,650180,417,3.27,6.5,6379,19501,22286
S.P.D Emergency,234385,41,0.88,1.6,2490,2147,10415
GW_Kurara,1154819,677,3.72,11.8,5746,18860,43094
Sleptt,158059,27,1.41,2,1352,1873,6574
nоsh ӝ,217232,76,2.06,4.3,1764,3476,9058
Lewk.,1008279,476,2.97,6.2,7643,21320,34366
Z DarkSide,817791,163,1.61,3.8,4308,6658,33049
Martyška,2429950,227,1,0.9,25343,25194,105969
DonHyena,156500,84,1.63,8,1054,1582,6093
Mr Simba847,623138,161,1.52,3.2,5009,7384,26302
CH1LLMON,911140,116,1.63,1.9,6124,9795,36812
TTV.SkellySkillz,157584,40,2.1,3.5,1128,2281,6134
AdLeR ж,774165,157,1.58,2.5,6398,9866,31901
Santigold-,241888,38,1.25,2.5,1518,1848,10217
Donsuki,346619,51,1.45,1.8,2768,3943,13190
Рrеdator,967795,533,3.08,9.6,5551,15463,41820
Codek8 Twitch,1369373,662,2.48,9.4,7040,15843,46751
Flyvende Poteter,640098,236,2.1,4.9,4789,9561,25275
404 ɛʀʀʀօʀ,604031,158,1.37,2.8,5650,7550,25500
MastaSel,179753,86,1.78,3.5,2451,4202,6955
WMC_BORO-FRBAMBI,641467,110,0.91,2.5,4391,3885,27682
Fredator_,172464,29,0.98,1.9,1518,1452,6896
Kronxs.,835258,146,2.12,3.8,3888,7932,34382
Twitch Princeps,545946,256,2.64,12.1,2109,4888,21633
Sky-Pizza,1016491,174,1.27,2,8812,10953,38326
O B L I O,719002,96,0.69,2.1,4522,3055,33914
WAVE Seiyo,1953482,202,1.08,1.7,11786,12546,82794
Casual Avi,963203,487,3.27,16,3038,8350,33965
RajmaaChawal,751434,242,1.92,4.5,5332,9798,24926
Royal 山,2075571,82,1,0.4,22157,22083,88794
ITZZZ SHOHAM,832575,51,0.99,0.6,8423,8250,33537
it lovely kalil,1743773,218,0.85,1.8,12107,10051,77883
はぴはむ_ぱぱ,682101,353,4.27,16.8,2099,7460,22503
Apulze,445857,155,2.94,9.1,1695,4534,16656
リロードくん,529956,126,1.97,5.7,2223,4129,20530
The. Assassin,1034664,430,2.43,4.7,9122,21115,38213
Twitch LeDémon51,544218,99,0.73,2.9,3367,2398,24570
Kyrhox_iwnl,2330970,177,0.77,0.6,28798,22086,102333
TMK_WheresWaldo,1100375,183,1.17,2.6,7009,7989,46631
SayKamstar,1496051,395,1.65,5.1,7811,12257,65157
Scoooter67,1345807,266,0.86,4.2,6353,5255,59528
Owiipski,772708,101,0.91,1.8,5752,5150,34321
Vertex duszekk,1096049,430,2.01,4.5,9637,18533,43196
wildcat user,994172,129,1.77,1.9,6913,12012,36886
TheDoobieDude,84038,17,1.8,3.4,495,862,3342
DR 404,1232852,351,1.87,3.6,9851,17777,43546
ᵀʷᶦᵗᶜʰ Bala_Seca,371013,52,1.5,2.1,2490,3658,15924
Macman on Switch,190991,39,1.15,4.2,924,1016,7964
kaito 0109,908539,208,1.04,4.2,4937,4940,40401
ShockΖ,226477,58,2.58,4.2,1370,3379,8013
ItsMichaelaa,96408,5,0.55,0.5,1068,582,4308
Brasco en scred,632315,93,1.03,2.8,3344,3338,26776
Shahonti,79280,28,1.11,8.8,320,325,3369
Higs .,1327042,297,2.1,3.5,8488,17164,55240
Roarrz,858259,378,2.55,6.3,5984,14273,30147
DknMR,771715,36,0.73,0.6,6121,4451,34552
Alehandro nespit,1340168,255,1.72,2.3,11046,18607,52642
cr4zy_lucky,902167,142,0.88,2.9,4948,4238,39322
Anónimo tu vieja,583711,58,1.41,1.6,3644,5056,25187
DEMONNNN Jimm1x.,459826,115,1.14,2.8,4116,4544,19982
ASD ψ,988825,97,1.66,1.4,6863,11234,40267
Groot 69,1124468,331,1.36,2,16309,21716,45896
St3vsム,1624829,376,1.1,3.2,11625,12408,71109
Avgu57in,696076,115,1.94,2.8,4045,7612,25347
Vivoronte,990027,152,1.34,3.3,4672,6039,41009
f1ek4r,1074961,298,1.99,4.5,6650,12667,40229
Luis_ ay лол,1625157,158,1.04,1.2,13111,13487,74563
ＫＯ ＡＢＯ ＴＩＭ,381337,29,1.01,0.7,3902,3896,15953
Rekt loves Elo,862086,644,3.5,13.8,4654,14018,33784
TTV_wkCosmos,469343,44,0.97,1.5,2974,2847,22163
Renarsz,1914466,276,1.82,2,13553,24186,73559
Lei Ya,224662,38,0.86,2.8,1365,1143,10353
TTV KTSLlama,2142970,317,1.21,1.6,20109,23950,88338
amce big boss,2035983,263,0.84,1.9,14032,11562,87749
N o b r u,713177,155,1.37,3.2,4800,6342,30021
янг savage,1594530,118,1.27,1.2,9649,12085,68895
FB RobertoLNG,1637794,761,2.81,8.4,9063,23295,58667
ジOh Yeah Uhh,260927,23,0.61,0.7,3293,2007,11719
Der-Unwendige,34889,25,1.72,2.7,931,1555,1272
PG MASSUGODHH,441546,186,2.1,4.1,4517,9093,17800
Twitch picaza,1545311,289,2.13,2.7,10570,21848,58192
1iAmANiNja1,102283,7,1.27,1,684,863,4218
bz uchiha obito,1221115,208,1.61,2,10235,16142,48772
ASSA6644,192033,20,1.23,1.3,1561,1891,7798
PackUrBagz TTV,1458047,419,2.6,6.5,6430,15606,52868
Obie2x on twitch,1283731,144,1.4,1.7,8241,11364,55751
Thorp sama,265885,179,2.71,11,1633,3946,10379
FlowerPower44291,352241,89,2.45,6.9,1298,2961,13282
Y0KID,1311607,595,3.01,7.2,8318,23273,52030
iroken22,45214,14,1.18,4.2,332,375,1841
GWAtv Zum,651886,134,1.35,3.1,4312,5654,25970
byangel-,1269493,772,1.64,6,12828,19759,48038
ꓘush,125252,12,1.32,1.5,800,1037,5076
Mr. Mxrceloツ,1533037,475,1.96,4.3,10937,20496,60427
Pato1327,1225983,148,0.98,1.5,9602,9284,53035
32Leksa,1499547,139,1.49,1.5,9141,13412,61857
LiLqki ツ,2271735,830,2.56,5.4,15386,37241,89402
BabyFaceCro,274355,55,1.13,2.3,2426,2677,11502
User-2077da5d7e,1161698,7,0.08,0.1,5350,430,78359
YouTubeZinnPanda,111658,47,2.2,5.5,859,1789,3994
Ched-,838780,123,1.84,2.9,4254,7608,32361
Barnabas6002,298116,20,0.64,1.8,1103,689,14021
MXR Mysti,807972,137,1.27,2.2,6152,7667,33629
sok maj bols,1547269,170,1.27,1.3,13394,16800,61386
Supew Hess,240015,54,2.13,4.3,1251,2555,8688
nikitalfg,2154964,400,2.08,3.2,12425,25010,84058
GRANDOT3_,1125891,348,1.74,3.8,9119,15251,44168
NewD1splayName,1826012,213,1.12,2.3,9245,10136,85169
Nebuchadnezzar -,1139934,156,1.11,2.4,6590,7131,48515
DuNNNNNoo,1656754,115,1.06,1,10989,11519,75971
Vipinchanu,295060,86,1.76,7.2,1191,1947,11411
Youtube Fredde1x,360460,186,1.14,11.2,1658,1680,15175
ＷΛＬＫΞＲ,686298,126,0.99,2.2,5663,5460,29186
patadura22,851711,210,2.58,4.8,4343,10669,31290
Sedii EL BOOMr,506781,126,2.14,2.3,5441,11354,18642
Lichos11,584891,101,1.39,2.1,4872,6627,25431
1ϟB R Y A Nっっ,1088117,77,0.81,1,7716,6197,54673
VYA_HECTOR_93,298972,29,1.04,2,1474,1504,12927
claim noah74,798418,279,2.01,4,7044,13569,30963
刀iaℬlø,940341,179,1.46,2.2,8046,11465,37383
Ionzz 78,1118803,811,2.91,12.6,6446,16408,41908
TSN_Maryan21,81117,38,1.75,4.3,885,1483,2886
filipe水,1321403,737,3.35,7.7,9589,29632,51166
Virus AU,832155,203,1.54,3.5,5872,8750,32960
ThatGirlJasper,1229351,102,0.82,1.9,5452,4374,59389
Fragger Wavy,1203999,110,1.5,1.2,9302,13809,46603
Its W Key,1096884,195,1.62,3.1,6235,9815,44097
LuckySnorlax,151539,78,1.44,3.9,1975,2725,5639
MarianFlorinYT,590134,60,1.05,1.6,3804,3925,26425
Esk DrickanHD,1542774,100,1.03,0.7,14543,14922,66466
Martin MC_Fly,352743,34,1.08,1.7,1988,2102,15923
Moteram,1110455,34,0.83,0.4,7565,6237,48491
Βατευτής,1139570,356,1.27,3.2,10957,13425,49368
RB maxfar zones,644458,288,2.23,5.7,5051,10611,24980
Operator لTF2,29508,1,0.59,0.5,196,115,1361
Quadrupeltje,1107320,104,0.76,1.5,7009,5257,49791
Meloriax,1340228,489,2.71,8.5,5778,14339,46042
sneakynav,148245,29,1.31,1.8,1648,2124,5626
Wilder_Beast96,159085,57,1.83,2.5,2267,4039,5737
CarrieJoDubsTTV,1070228,162,1.25,3.5,4657,5602,45193
lem on ket,1194777,280,2.45,3.9,7241,17078,45162
FA Fr1xioN,336912,238,3.85,8.7,2737,9631,10451
evillious,916480,171,1.23,2.7,6364,7594,36963
underPressureL,171537,39,1.24,4.4,888,1050,7844
Ace Blake,808560,147,1.65,3.9,3774,5979,35596
Taigerino.FB,1474626,271,1.57,2.9,9397,14372,60872
K3MBO.,14571,40,2.98,13.4,299,773,526
junalu,2474803,219,1.34,1.9,11831,15545,102499
Don-Hosse,838508,59,0.77,1,5733,4347,38842
Critycal.exe,509368,76,1.31,2.3,3259,4177,20786
sugu cc,151982,31,1.21,1.5,2020,2408,6361
Back 2 da lobby,493489,238,2.6,10.6,2248,5228,18457
ɪx ɪᴛsғɪʟɪᴘᴇ ӝ,618198,57,0.83,1,5434,4443,28473
Cutie π,214031,97,1.67,6,1616,2530,9491
fungllll,28922,49,2.47,6.1,804,1862,1124
Dvourz ay лол,198039,163,4.56,16,1016,3887,6554
BM_BlackMamba_hd,73417,14,0.87,2.1,664,568,3166
mzamra,80796,44,1.66,8.4,522,792,3141
Mintie-,102621,5,0.93,0.8,617,570,4520
goose FN,4453,0,1.03,0,30,31,210
BadPing.ExE,238516,76,1.47,6.6,1145,1571,9942
Exoph,879974,707,4.75,13.7,5149,21080,28307
ARC Weliaz,1259493,1110,3.96,12.2,9128,31762,46216
GL Nizzy,1471781,823,4.5,14.5,5672,21834,49601
PieceConтrol Dan,1605644,306,1.48,2.9,10386,14896,71609
Breeezツ,1182509,159,1.32,1.5,10447,13587,46172
twitch patetafps,1734488,136,1.23,0.9,15900,19412,71739
JoshM On ᴺᴼᵀ,499517,117,1.39,1.9,6066,8291,20137
eRa Clipnode,1449565,1802,5.38,20.1,8982,38663,50524
12am Schlump,2381694,1915,6.53,34.6,5542,23678,78188
Tw Yusca16,1207355,182,1.32,0.9,21386,27889,51755
ChiLL-.,797963,164,0.89,3.2,5163,4425,37470
尊 ragisさん,966856,287,2.47,5.8,4936,11462,36843
SUPERLEAGUE DEAD,1324467,375,2.07,4,9354,18624,53613
Bomﱞb,385996,240,3.21,11.6,2070,5867,13499
BlitzIMr.Editz,527995,39,1.04,0.9,4290,4407,23201
777 RenaboDaSosa,1014327,115,1.37,1.3,9056,12286,39990
Scuba Sheep,1296998,291,1.3,4.8,6028,7476,52512
ovLDER 7,1470759,306,2.54,3.1,9893,24361,50396
nadrojب,562002,256,2.23,8.6,2971,6046,22580
TTV CokeSmok,486275,35,0.77,1.1,3317,2511,22158
C Ø N K E R,1176862,237,1.71,2.5,9512,15876,44704
Sparklin Mxrcx,957074,185,1.68,2.7,6857,11220,36833
idc jerm,1219558,1462,3.62,15.3,9581,29375,51047
LoseAngeles,2102985,318,1.88,2,15766,29039,81624
VALIFY Pixel,874467,127,1.34,1.5,8464,11154,34860
Washed ŦLEXX 愛,412891,77,1.34,3.6,2112,2736,18310
nice1nico,940253,277,2.85,4.8,5794,15706,35647
Essam-,409597,140,2.15,4,3501,7223,15324
Ursus Jusfex,977851,415,3.13,8.5,4887,14004,37672
Magɨc,180764,51,1.35,2.8,1836,2415,7363
CANNIBAL Z1G4,1013990,187,1.88,2.4,7649,14036,41519
Pree,969792,430,2.64,6.5,6629,16357,32944
kaivy-,752979,88,1.56,1.8,4899,7486,29675
Zano Pep,1676305,484,2.23,3.4,14428,31067,61160
Jehda,1459487,307,1.47,2,15201,21855,59481
Twitch NOTTREVE,1345692,131,1.33,1.5,8663,11363,56235
Just Aqua,499089,206,1.57,8.2,2503,3606,19729
SadLithium 父,1003567,366,1.42,10.1,3606,4585,41517
TRS Topher Léon,990642,141,1.28,1.9,7608,9550,40606
SRN Skydeun,1285293,435,3.83,7.9,5507,19410,44405
ᵀᶠBrᴀfᴀwn〆,1041910,79,0.92,1.3,6185,5631,50289
Coyootee_gr,876963,53,0.79,0.7,7557,5922,36950
Rikudo.,737420,88,1.46,0.9,9426,13590,29760
YT Rustem Koci,2319505,170,1.12,1.1,15504,17123,100790
exeed Ragez7,1265304,969,2.54,9.2,10534,24305,50339
Twitch Snuxfps,1455977,321,1.39,3.9,8147,10867,61353
Steak loves Lau,438526,50,1.42,1.6,3128,4365,17657
YTRubberduck,170614,6,0.3,0.6,1001,301,8505
TrevorAhrensTTV,2843451,44,0.2,0.3,17444,3435,179134
ItsLimitless,438910,254,1.94,8.4,3030,5375,17656
ӝFishyӝ,756470,246,1.19,2.7,9143,10606,30514
Invictus Stojke.,1263098,331,1.72,3.8,8639,14254,51561
Cоde x2Twins,757477,452,5.06,14.6,3103,13408,25740
ttvPastorantoine,1304158,147,1.3,1.7,8832,11328,59009
LucasAriiel,966502,145,1.24,3.6,4072,4858,41828
Kubuś on Drugsツ,1538515,103,0.76,0.9,11736,8815,70360
Elite Jivi,1184362,501,2.7,9.4,5319,13024,46695
ʀɢʟᴜ,668496,107,1.25,1.8,6038,7437,28945
BasCB,669724,295,2.41,9.6,3066,6665,26887
Lé Petit Muniir,627185,158,1.24,1.4,11488,14014,26480
Chulo-33,277968,29,1.33,1.8,1632,2136,11007
Maxííí,1528665,352,1.29,2.7,13016,16310,62499
SW_Ge0Mike,2164911,858,1.35,9.6,8934,10939,88768
r3x4k0,509374,47,0.87,1.9,2488,2133,22351
Simply Swanky,413995,33,0.92,1,3363,3059,18861
jwfΨ,780390,225,2.16,6.8,3321,6683,30005
T-REKTHØS,44853,9,0.87,1.1,831,715,1936
Tfx R3HAN,934998,317,2.19,6.2,5094,10465,35762
DonNagato,1145854,148,1.52,1.8,8084,12089,42006
PT_TURTOR,626604,253,1.84,5.9,4322,7498,24073
FaZe ClipΖ,1595163,439,2.08,2.7,16214,32844,69146
アordy ϟ,398075,36,1.02,1.1,3336,3363,16987
CӇAPU,1245541,329,1.83,3.4,9693,17103,45628
davidsb123,56115,1,0.84,0.2,468,394,2631
κιlled βγ αlρhα,1056914,143,1.22,1.7,8391,10095,45883
mcKarlus,100047,8,0.95,0.4,1961,1853,4231
Twitch SweatBall,1563342,225,1.94,2.5,8876,16805,62828
weem ヅ,877851,204,1.65,4.3,4796,7598,37133
DoorKey on OF,386715,72,1.11,2.8,2563,2776,17217
LIDEČKOVJAN PIČO,147862,10,1.2,0.7,1408,1678,5898
SticksIsHard,420034,59,1.69,2.7,2211,3634,16486
ᵗᵗᵛ ArgueraSV ʸᵗ,2097660,579,2.7,3.6,16056,41854,72145
HurricaneJoe2019,888427,244,0.68,8.4,2914,1806,41934
SquirtleLive,1088052,139,1.59,1.8,7926,12414,45829
Tibo544,885903,214,1.49,3.2,6611,9561,33794
DomenSS,1148453,249,1.43,3.4,7295,10068,49236
わいのショットガンは３０ダメージ,125116,52,2.29,5.1,1023,2224,4360
P R Λ X,1153126,273,2.02,3.5,7739,15118,43085
ᵀʷⁱᵗᶜʰRippersan,138999,23,1.35,1.6,1398,1860,5773
Codigo Drogo,475390,123,1.37,2.5,4939,6580,17250
fknLEGIT,753813,136,1.42,2.5,5337,7378,33835
GE D4m ӝ,1003931,331,2,4.2,7969,15307,36780
メHawks,667407,213,2.24,6.5,3294,6896,23413
ricardincanayin,864196,96,1.35,1.6,6055,8062,34527
GeeCBee,432733,83,1.49,3,2795,4038,20253
herobiscuit,347254,25,1.24,0.6,4391,5414,12688
Noel Brabo do AM,1939733,558,1.74,3.8,14770,24748,80479
ouver 67,1035891,377,2.65,6.1,6179,15389,40159
FireDrâgon,2646552,447,1.6,2.4,18435,28780,105512
khaznajebemajke,1780081,116,1.73,0.8,14862,25485,67071
VVL Nando,899101,119,1.77,2.8,4313,7441,35176
elreydelmundo92,555477,72,1.01,1,7420,7446,23454
노아 aka Noah,1941094,289,1.7,2.2,13073,21763,76751
Swingin-Wood,1230990,150,1.04,2.9,5181,5223,55104
AOS nebs,1274214,307,2.93,4.2,7261,20371,44412
LG Joji,1031778,394,3.5,7.7,5118,16531,37946
ConnectionSuxs,3224234,751,0.94,5.5,13705,12234,144146
RFX_Lox,787823,149,1.5,2.9,5118,7434,35359
Twitch Ceyrrox,1371975,489,1.22,6.7,7337,8381,60136
al hamdullah,994064,133,1.78,1.3,10387,18235,36845
Javi-Burgos,195279,22,0.58,1.8,1217,699,9732
CG Cryptic,1639490,252,1.61,1.9,13501,21271,72909
Faquı,1293986,548,3.65,11.8,4635,14937,46035
Sartori meu freg,1266689,198,1.61,1.4,14060,22334,50481
Dark is Gucci,543691,284,2.73,7.9,3583,9013,19839
DaNya ау лол ӝ,762454,80,1.51,1.6,5133,7618,31133
semisoft25inch,2054000,934,1.17,10.7,8697,9072,87210
bushinhö,1514657,194,1.03,2.2,8758,8850,67521
im bloom,106294,26,2.03,3.5,736,1440,4470
Twitch kaOzs_,803918,396,3.42,13.2,3001,8911,27375
slxyher,603939,310,1.69,5.1,6035,9679,20545
RD-Antony,747295,71,1.1,1.9,3763,4048,31147
O-HO-HO-HOǃ,1378689,161,1.68,2.3,7105,11661,57572