Player,Solo top1,Solo kd,Solo winRatio,Solo matches,Solo kills,Squads top1,Squads kd,Squads winRatio,Squads matches,Squads kills
Prospеring,1828,4.37,18,10150,36328,5116,6.88,31.7,16131,75787
BH nixxxay,1694,8.71,29.1,5817,35895,4978,10.24,30.3,16433,117327
Raпger,4582,9.6,34,13488,85481,4435,8.4,32.9,13494,76065
Idk_Pi,121,0.84,3.3,3687,3005,336,0.87,4.1,8232,6892
Twitch.GryphonRB,1327,6.32,30,4429,19591,3445,7.58,36.2,9524,46068
Twitch Kayotica,1310,3.23,9.7,13438,39131,1433,3.18,10.1,14152,40507
FaZe Replays,1454,3.84,7.8,18670,66161,1224,3.33,9.1,13443,40730
NiteGamerYT 190k,6,0.47,1.4,429,200,359,1.79,8.6,4169,6803
ᴮᵒˢˢン,6480,1.39,32.6,19864,18610,173,0.64,8.2,2106,1238
CIUPEA 144.HZ,9,0.61,0.5,1938,1174,175,0.67,1.7,10100,6695
曼巴精神のR6,103,4.17,12.2,844,3093,1661,9.26,37.7,4404,25407
DarkAssaSSin._,4295,3.34,30.6,14045,32611,371,1.41,7.4,5024,6582
FLIZ_Mada YT,535,2.3,5,10596,23161,922,2.03,6.5,14146,26850
Τriρs,25,0.7,1,2581,1785,112,0.94,3.5,3221,2930
MachiTv,3166,3.9,19.5,16273,51088,718,2.88,9.7,7434,19345
C_D_S_,612,1.42,4.5,13464,18301,603,1.44,6.3,9621,12983
Mₐₜₜzᵢₗₗₐツ,62,1.59,2.5,2527,3930,305,2.01,5.5,5529,10491
prOMancos,576,1.27,1.8,32898,40942,104,1.51,2.7,3889,5708
Scribell,34,1.03,2.3,1491,1505,152,1.14,3.3,4572,5057
Qx_9u انستا,79,1.03,2.4,3269,3281,1123,2.05,10.4,10754,19758
adore johnnyy,91,1.68,3.2,2853,4641,142,2.54,8.5,1666,3874
R.e.L.y.T,453,2.02,4.2,10883,21030,268,1.87,6.4,4170,7279
RunLaMaJ,2159,4.96,23.6,9158,34742,1043,4.43,19.9,5236,18582
Deathfury420,51,0.95,0.6,8568,8101,482,0.88,1.7,28805,24878
KING nax nax,70,0.8,0.7,10460,8356,93,0.92,0.9,10034,9103
isDi x,344,1.97,5.5,6306,11744,923,2.88,11.1,8294,21208
SMS Efesto96,1876,5.73,21.8,8613,38611,2606,6.99,28.1,9267,46578
Maatheus ϟ,363,1.72,3,12041,20033,780,2.61,6.8,11409,27737
UçaN_HamSi,25,0.68,1.1,2182,1471,64,0.66,1.6,3929,2567
Kid_Fighter,331,1.06,2.8,11967,12348,1617,4.33,21.2,7637,26053
sllion.,87,1,5.8,1511,1422,1317,1.15,12.4,10652,10719
FaZe Thiefs,805,3.87,8.2,9813,34817,1232,3.17,11.5,10746,30139
IZHHAN,227,1.37,1.2,18266,24802,377,1.46,3,12580,17843
Youtube Timyoshi,2019,5.12,16.2,12448,53411,1544,4.99,18.8,8202,33239
TTV_MuthaTuckaa,757,2.35,7,10790,23591,378,3.47,13.1,2889,8710
boxed in prison,1552,3.02,9.7,15975,43489,340,2.81,8.5,3980,10232
jsemac,265,0.68,0.9,28830,19535,93,0.65,1.4,6595,4223
Ci2i,366,0.84,1.6,22321,18522,9,0.5,1.2,735,363
TuToTV,653,2.96,8,8154,22166,1139,3.29,12.9,8848,25353
cleo coroa,76,0.82,0.8,9529,7745,353,0.9,2,17462,15439
MISFITZKING.,25,0.19,0.1,17166,3213,7,0.41,0.7,1061,434
Twitch ClueVibes,5,1.06,0.6,796,838,186,1.18,3.2,5877,6700
surergraph4426,1028,0.75,6,17231,12181,173,0.83,6,2870,2229
Loeya,3929,5.31,25.7,15279,60282,295,3.94,18.4,1602,5147
JStarset,73,2.16,3.1,2320,4856,507,2.58,6.1,8339,20228
ᴿᵃᵛᵌᴺᵔᵜᵔ,7,0.64,2.3,311,196,2274,3.59,30.9,7358,18242
CODE MATEUS YT,910,2.44,5.6,16250,37392,847,2.44,7.1,11995,27211
キᴼᴺᴱルbyONEア,362,1.61,2.4,15199,23836,427,1.79,5.4,7953,13476
Onkel Apo 〆,174,0.99,2.5,7031,6783,592,1.46,5.5,10700,14794
Recuerd0p,1494,2.3,6.3,23618,50819,685,3.19,13.8,4949,13585
ManuelXD -,886,2.43,38.4,2308,3456,1795,5.53,39.2,4577,15383
Raskology,2277,4.78,12.7,17926,74738,866,3.67,11.2,7706,25109
madman.mm87,157,0.78,1.4,11143,8543,101,1.15,2,5098,5743
Ninjadad5,297,1.01,0.8,36487,36619,54,0.86,1.2,4366,3693
Woina derRentner,711,3.48,19.2,3702,10420,2446,4.44,24.7,9887,33038
dsl de JOYJOYC.,2600,5.05,21,12358,49305,1295,3.94,13.4,9670,32980
Temppu93,349,0.43,4.7,7475,3087,219,0.33,3.8,5813,1828
JGLEASY YouTube,583,1.53,4.2,13738,20188,153,1.67,4.7,3269,5207
Code ShogunOCE,395,3.2,9.6,4116,11902,559,2.85,10.1,5546,14207
187saiz,915,1.73,7.2,12760,20479,1108,4.05,16.5,6714,22686
RubinhoYT,1229,3.14,7,17441,50849,619,2.66,7.6,8149,19999
ᵗᵗᵛValeuPeloLoot,252,2.2,7.4,3408,6930,587,2.23,8.9,6582,13383
PKǃ,280,0.89,5,5586,4715,478,1.05,6.1,7799,7720
Fu03xX,445,2.13,2.4,18250,37942,530,2.47,4.6,11579,27239
Coach swag_,4258,5.04,19.4,21936,89023,1006,3.71,15.3,6576,20679
LƎО,52,1.16,1.5,3467,3963,446,1.49,4.4,10191,14483
FB RipDilly,1191,3.94,13.6,8747,29797,651,3.84,15.6,4167,13498
الشيخ الاردني,130,2,4.6,2824,5399,504,1.86,4.7,10763,19065
Tito Qukoᵗᵛ,747,2.48,8.2,9091,20652,1135,3.15,12.6,9020,24866
ATK MAC,139,1,1.7,8038,7908,161,1.37,3.7,4309,5700
ĩŃŜДΐα 57ſ3,180,1.15,4.9,3644,3981,1557,2.59,17.7,8806,18748
SoaR Prxnze,847,3.87,22.7,3730,11169,559,2.27,12.6,4442,8808
CODlCE XIUDERONE,481,1.03,2.5,18940,19061,808,1.24,13.6,5939,6360
MzViirus,60,1.75,7.1,841,1363,1624,2.22,13.1,12400,23941
ᴼᵇⁿᵒˣⁱᵒᵘˢ ᴰᵘᵈᵉ ツ,195,1.66,1.8,10856,17706,462,1.64,2,22777,36524
TTV_RelaxGee,174,2.05,3.3,5232,10392,379,1.99,4.8,7900,14990
Salted.Fishツ,37,1.49,0.8,4516,6684,474,2.07,4.6,10416,20610
TheNewbiieTTV,10,1.22,1.2,863,1037,91,1.36,4,2269,2967
Sparkles_qt,1645,2.69,8.1,20388,50501,199,2.49,11.7,1699,3728
juan ay лол ت,216,1.03,1.2,18101,18455,112,1.23,1.2,9057,11000
MRºRIP,11,0.97,2.7,410,387,0,0.37,0,142,53
Z-Fast-,65,1.81,2.1,3153,5585,925,1.94,4.3,21418,39853
stepbro Disarma,169,1.88,6.4,2643,4655,2276,4.48,19.2,11851,42931
MissJayBtw,64,0.93,1.4,4442,4050,186,1.21,4.6,4065,4694
VEM TRANQUILOO,130,1.05,4.7,2771,2763,143,1.46,4.8,2960,4121
SDHustler-YT,3495,2.73,27.7,12618,24890,467,0.89,23.3,2004,1365
Irøn Ðux,149,1.13,1.1,13787,15400,20,0.93,1.5,1336,1219
Roedor Salvaje,680,2.31,5.8,11676,25415,545,2.33,9.2,5951,12623
Snow on the top,244,1.58,2.6,9530,14652,216,1.69,4.2,5145,8347
kchorro_LôÔko,2193,3.44,20,10977,30204,312,2.38,7.8,4006,8805
Murid ӝ,525,1.86,1.9,27112,49396,277,1.89,3.7,7525,13680
Death 〤,192,1.71,2.8,6911,11457,820,2.26,6.7,12204,25759
thichlachoi,123,0.83,1.8,6873,5569,295,0.79,4.2,6967,5270
ultrа aim assist,467,0.99,3.5,13157,12505,582,1.02,5.9,9824,9437
Damnnn Habibi,66,0.91,1.3,5171,4644,198,0.95,2.1,9504,8869
ashley stinks,2061,5.75,25.3,8139,34971,1631,5.49,26.9,6061,24309
TMojo Pops Addy,1627,2.65,12.3,13209,30703,179,2.26,10.7,1678,3391
VIEJO_MATABOTS,60,0.68,1.7,3574,2373,150,0.6,3.6,4208,2417
11Prochy,559,1.98,4,14078,26816,773,2.5,6.7,11610,27065
ᴄᴏᴅᴇ_ꜰʀ0ɴᴛʟɪɴᴇᴛᴠ,15,0.58,0.2,8380,4862,32,0.65,0.8,3940,2540
GoodMyK,92,1.15,0.9,10401,11903,221,1.36,2,11053,14736
ShootingblanksX,1113,5.1,14.5,7693,33528,779,6.87,17.7,4409,24946
Kromreyli ӝ,524,2.67,5.8,9102,22937,1043,3.24,9,11631,34311
not Adreplays,339,1.46,2.9,11682,16544,570,1.6,6,9520,14341
Zemie,493,3.05,5.2,9392,27099,328,2.63,7.8,4179,10122
UpstateNate518,134,1.12,2.1,6407,7016,232,1.21,2.9,8057,9443
SpartaTheBox,357,2.51,4.5,7976,19087,290,2.63,8.3,3506,8470
Firestorm0_0,132,0.76,2.3,5759,4280,182,0.74,3.1,5821,4200
NOS_Z3R0 TTV,399,3.45,12.6,3176,9581,798,3.55,12.6,6346,19691
E-Girl Batchii,2511,4.09,16.7,15058,51276,518,3.7,11.8,4375,14280
TEBELKING,782,0.95,5.5,14231,12721,2,1.48,6.1,33,46
Βigi,42,1.53,2.8,1514,2248,745,2.27,6.5,11395,24152
D3strі,1687,4.12,12,14005,50791,1982,4.7,20.2,9817,36851
Flor .,64,1.17,6.4,1003,1102,404,1.59,7.3,5551,8188
V I R U S,31,1.03,1.7,1811,1839,76,1.95,6.1,1237,2268
psn(md_fortnite),837,0.97,6.2,13483,12328,118,0.75,6.1,1948,1381
vSymptoms.tv,254,1.86,4.1,6130,10954,442,2.18,4.8,9124,18898
X_X LiX X_X,106,1.24,1.5,6840,8372,125,1.05,1.5,8599,8871
royаl.,85,1.05,0.9,9658,10075,206,1.13,3.1,6723,7350
Shardiny,553,2.05,5.1,10808,21019,241,2.64,11.4,2109,4933
YosoyHavok,588,2.34,4.3,13632,30481,757,2.15,6,12608,25462
Ruѕh,1314,4.76,16.8,7806,30873,932,4.48,17.4,5360,19818
Avxry,2648,5.89,18.3,14446,69513,1665,5.63,23.3,7159,30948
Tp_sergio23,182,0.82,2.1,8575,6847,510,1.38,6.4,8002,10338
byArteer,2341,4.87,22.4,10430,39417,219,5.71,24.3,900,3886
TheZokii,107,2.63,4.6,2351,5912,1506,3.5,12.3,12213,37464
Papa Toson,276,1.36,2.8,9952,13134,163,1.53,4.9,3332,4853
101shanks,70,1.41,1.8,3850,5335,142,1.7,4.9,2920,4717
SpeedArtery YT,6,2.09,15,40,71,380,1.65,7,5459,8389
GAMER لعيب ア,64,0.83,0.6,10276,8452,188,1.46,3.2,5855,8248
Ssu-haib,51,1.48,0.9,5658,8296,146,1.76,1.7,8650,14948
Óbvio éo Tonho,72,1.54,1.8,3957,5983,368,1.95,4.3,8640,16103
xo_niki,30,1.5,4.3,695,997,343,1.37,7.6,4500,5694
Reaperbash,25,1.22,5.6,450,518,271,1.24,5.7,4779,5597
7CH.,134,1.15,1.5,8783,9914,135,2.24,5.9,2282,4818
TSM EmadGG,1186,2.79,7.3,16303,42126,970,2.79,10.9,8883,22094
In7ense.ttv,458,2.63,9.6,4791,11396,837,3.13,10.2,8191,23028
sucukemail-sucuk,1159,2.94,10.4,11135,29329,1430,3.37,13.5,10554,30763
fabry.70,274,1.21,2.7,10247,12022,147,0.54,4.2,3540,1849
DS w4k,385,2.18,4.2,9116,19067,590,2.49,7.3,8103,18736
TimSad,410,1.86,3.3,12598,22681,508,2.19,6.3,8119,16694
DreDenn on YT,29,1.17,2.4,1226,1397,367,1.29,4.6,7950,9795
Hаrukiyo,508,3.65,6.6,7663,26084,528,3.45,9.3,5693,17838
Monoclide,189,0.88,2.8,6862,5891,539,1.65,10,5401,7998
RailCart,456,0.73,1.8,25222,17993,18,0.26,1.2,1562,398
Fαtαlity,309,1.01,2.4,12918,12759,167,0.99,2.2,7432,7212
Microd0t,36,1.58,4.3,846,1282,1053,2.93,15.7,6726,16616
Abboudi,222,1.35,1.1,19867,26461,28,0.77,0.9,3231,2471
Mkay-Ultra,128,1.41,2.2,5784,7967,745,2.7,7.5,9880,24653
Yel FatouMwaka,1096,3.31,15.2,7193,20206,1214,2.95,11.7,10389,27098
SpOkO21,88,0.54,1.1,7863,4235,29,1.87,8,361,620
ℳ o . Ｓ ℽ ℛ,45,1.51,2.4,1896,2799,408,2.08,6,6784,13268
Nick Eh 30,1850,4.47,12.1,15279,60047,1357,4.33,13.8,9813,36652
it-mahdi,207,1.59,5.4,3803,5729,633,1.68,8,7896,12217
TDT_Banishmaster,264,0.48,1.4,18719,8767,151,0.32,3.1,4876,1513
Éson,335,1.52,2.3,14452,21450,373,1.5,3.9,9539,13763
ᵀʷᶦᵗᶜʰMinerimOxe,34,1.36,2.3,1461,1940,149,1.76,3.6,4123,7012
Alpawarrior,372,1.15,1.7,21479,24195,200,0.97,1.7,11451,10961
Noviiis.,1408,3.84,13.8,10201,33751,1186,3.44,12.4,9549,28773
EDOBERI,416,1.43,2.7,15660,21869,0,2.05,0,19,39
KFC_Froggy 蛙組.,28,0.91,1.1,2586,2332,227,1.01,5.3,4322,4127
X_CuScO_X,1748,2.69,10,17399,42156,346,3.26,12.9,2678,7592
TheMagikToxicツ,25,0.66,0.9,2829,1859,316,1.3,4.2,7449,9293
Lady Suralai,3,0.66,1,308,200,172,0.76,6.5,2665,1901
мaykee,283,1.42,1.3,21364,30031,298,1.75,2.9,10377,17659
Giant_Lana,135,0.87,1.5,8865,7560,252,0.78,2.5,10205,7769
Sologaming786,28,1.64,4.4,639,1004,1526,2.96,19.7,7751,18410
PWR Chanzes,1429,4.66,14.1,10155,40674,557,3.01,10.3,5404,14584
MaquinaOvalle,259,0.98,0.8,33151,32093,112,1.02,2.4,4750,4717
3.R,19,1.83,2.5,753,1340,650,2.47,5.7,11464,26758
spuliX,642,2.5,9.6,6695,15116,836,2.85,13.9,6002,14700
oG Fruittyy ツ,96,1.27,1.9,5188,6466,445,1.59,4,11235,17126
Ƀaki Ψ,307,1.28,4.2,7303,8978,163,1.31,4.9,3338,4148
psn(pr-noga),1,0.71,0.4,267,188,3,0.77,1.2,256,195
SS_RAFA,231,2.46,6.3,3688,8490,311,2.1,6.9,4512,8814
packet loss leo,7,1.16,2.8,251,283,119,1.22,3.5,3389,3975
PapaMatze1968,48,0.8,0.4,10849,8683,199,0.74,2.7,7349,5279
TwitchKingcocos,150,0.71,2.8,5318,3658,280,0.59,4.2,6615,3756
MBA-Jancs,189,1,2.3,8208,8054,357,1.79,5.3,6796,11527
AUS_SWAGG,1390,4.55,17.2,8066,30366,1465,4.36,18.1,8091,28895
ozy.man.dias,296,1.08,6.5,4585,4627,352,1.52,10.6,3315,4494
ΨDOX,556,2.34,4.5,12365,27671,936,2.89,9.1,10291,27032
Twitch FRKOH,676,4.23,13.4,5044,18482,765,3.1,10.8,7104,19679
EL PRESUMIDO FB,878,2.39,6.4,13757,30741,223,2.29,5.8,3870,8352
05 ToyseTe,15,0.85,2,763,638,306,1.75,5.8,5273,8705
CRONOS Ω,585,2.15,4.1,14227,29397,509,2.23,8,6391,13121
facu giorgetta29,1483,1.36,7,21071,26728,22,0.82,1.3,1686,1358
88Uncle Jimmy88,57,1.33,1.8,3218,4203,107,0.92,1.4,7607,6910
OG Thunderbons,92,0.91,2,4650,4136,274,1.13,3.2,8553,9329
F.ION MrPotage,215,1.29,1.6,13045,16597,471,1.83,5.1,9314,16172
bencas31,508,0.97,1.6,31362,30042,21,1.21,3.3,646,758
Remister.,105,0.75,1.8,5783,4278,196,0.86,2.5,7837,6540
Sk Fedee,65,1.46,0.8,7880,11411,204,1.66,2.3,9021,14626
JUST SLO7,174,1.28,2.7,6455,8050,566,1.9,4.9,11493,20804
Yanniツ,2243,5.6,23.1,9723,41893,1410,5.46,25.1,5625,23012
FB Alibaba,249,1.64,1.7,14514,23428,257,1.42,2.7,9531,13131
Ratdog Fink,461,1.04,3,15481,15638,51,1.05,2.7,1915,1962
TCE quietin 80,540,3.08,6.6,8183,23534,566,3.3,8,7043,21367
JO hudhud,122,1.8,3.9,3096,5365,450,2.07,6.8,6577,12710
RNG COQTO,810,1.8,3,26853,46884,289,1.6,3.9,7335,11270
BigGipp.ttv,93,2.15,8.6,1080,2119,724,2.18,10.5,6916,13488
Kalaaleq Beast,15,0.89,0.8,1838,1621,232,1.24,3.3,7019,8431
Willya Ben Ova,0,0.26,0,200,52,70,0.98,2.4,2977,2861
RealDeadDylanTTV,139,1.59,3.6,3860,5908,509,2.39,6.7,7649,17068
ҠillswitcҤ,231,0.87,1.6,14102,12066,126,0.77,3.6,3471,2586
pepeluvil,92,0.82,2.1,4421,3539,221,0.84,2.1,10461,8630
W-Barrett_ONE,528,3.67,13.9,3792,11981,576,3.52,15.1,3809,11382
Mikest584,0,0.53,0,209,110,90,0.99,4.2,2163,2054
GordinDaTwitch,52,2.3,9.1,570,1191,939,3.8,16.5,5698,18083
ChickPhilay,38,1.5,2.1,1803,2651,191,1.74,4.9,3919,6500
Settióp,1754,4.19,13.9,12659,45662,537,2.95,15.2,3544,8873
binedebił,194,2.64,8.5,2276,5503,1027,3.33,13.3,7741,22333
GamingwGhoulTV,26,1.97,6.4,408,753,124,2.69,9.5,1302,3167
whﱞiskey,15,1.1,6,248,257,290,1.45,8.3,3500,4643
a Glad Lad,108,1.2,0.9,11496,13631,178,1.47,2.2,8170,11717
MBG-Muallim-Naci,301,1.4,0.9,32776,45588,184,1.59,2.2,8275,12850
itsjust_Ivy_,9,0.88,0.3,2769,2427,57,0.89,2.9,1995,1723
Ar1us.,222,1.38,1.5,14986,20336,166,1.55,2.8,5970,8978
Flames Getteyyy,708,3.01,7.9,8956,24853,852,3.54,11.6,7352,22992
SouuThY,440,4.45,13.7,3222,12389,1661,5.11,19.4,8561,35235
MåÐamButterƒly,80,0.64,1.7,4774,3020,498,0.73,3.9,12706,8922
miniyo2,5,0.28,0.8,597,166,80,0.55,2.1,3771,2045
ttwyla,63,2.23,6.5,964,2008,872,1.62,7.5,11613,17404
Tishø,28,0.24,0.2,14316,3500,153,0.82,2,7696,6170
Code DashCb,138,1.44,5.6,2457,3342,439,1.68,8.9,4924,7522
Jacobreyli ӝ,286,1.7,2.5,11346,18754,335,2.02,4.3,7745,14961
djharrymusicTV,74,1.15,1.2,6112,6973,346,1.41,4.4,7895,10679
B4SH4R ӝ,294,1.56,1.8,15989,24448,192,1.47,2.8,6807,9696
TM mohamad,47,0.85,1.4,3390,2842,126,1.07,1.9,6664,6984
TREEPROBLEMS,430,1.95,3.5,12174,22950,907,2.21,10.1,9024,17930
JustBlameJoshTV,4,0.72,2.2,185,131,274,0.96,5.5,4989,4547
jmoe161 TV,1044,5.86,18.7,5579,26593,1034,4.79,14.2,7305,30066
JKForsaken,560,3.23,9.3,6002,17588,1313,4.39,12.3,10681,41151
BottedFPS,293,1.9,2.4,12187,22571,482,1.74,3,15869,26711
The Gorg,78,0.83,3.2,2468,1986,164,1.04,3.9,4243,4252
Erkan does care,74,0.56,1.1,6930,3862,7,0.57,2.1,326,182
KUUBi-,156,1.65,0.9,17729,28936,157,1.89,2.6,6063,11183
Evening0 Twitch,14,0.92,0.8,1837,1681,186,1.04,3.1,5987,6012
ToXic_Crispin,22,0.92,1.1,1922,1740,357,1.47,6,5921,8194
Typical Gamer,2222,6.03,19.8,11219,54262,1170,5.51,20.7,5646,24682
Rinyache32,231,1.68,1.5,14930,24710,184,1.61,2.9,6352,9937
AuhurAlter,371,3.18,17.5,2121,5571,414,3.25,12.4,3336,9486
Mr chatman,75,0.94,1,7276,6772,213,1.17,3.1,6873,7811
Lίquid mίtr0,816,3.75,5.5,14758,52215,552,4.56,12.4,4467,17864
SP7_Sepo,83,0.73,1.2,7115,5165,273,1.08,3.1,8857,9299
give me pasta,4486,5.91,44.1,10166,33570,351,3.5,20.9,1677,4641
LaLaLa Lowla,16,1.45,1.7,946,1348,78,1.96,5.3,1465,2723
Last_Samurai_10,61,0.67,0.6,10617,7047,243,0.84,2.3,10667,8742
S3Saint,22,0.92,1.6,1400,1263,98,1.06,1.7,5771,5992
TTV UntamedFN,1486,4.15,27,5496,16653,214,2.91,10,2131,5583
Mahou_Twitch,225,1.27,1.3,16726,21004,187,1.69,2.6,7332,12049
Doϲtor,25,1.38,1.7,1435,1945,596,1.47,4.9,12217,17118
OVA Flyy,396,2.86,6.2,6352,17012,841,3.09,9.2,9157,25669
VALtheVAL,840,2.23,7.8,10781,22153,859,2.98,11.2,7672,20291
semm1234,3454,6.95,22.1,15635,84716,1496,5.78,19.2,7802,36462
Slowly Not Back,2201,3.21,19,11565,30073,77,1.22,2.2,3515,4203
lalana043,12,1.11,1.7,702,766,76,0.83,1.9,3964,3234
claystehling,588,1.85,5.1,11480,20163,867,2.23,8.6,10050,20446
6GAMEOVER9 何,135,1.3,2.4,5531,7023,239,1.48,4,5931,8409
twitch_ruiziNNN,60,1.23,0.7,9127,11184,199,1.41,2,10032,13893
CloudCatzz,325,0.55,1.4,22599,12148,120,1.28,4,3025,3706
SaDD_SharukhYT,365,1.65,5.2,7040,11026,531,1.85,7.2,7336,12606
toneyssj,1103,2.54,8.2,13412,31211,260,2.1,6.4,4065,8009
Twitch TƑreire,1073,3.39,9.9,10885,33234,1108,3.53,10.5,10583,33424
Newcloak,168,0.65,0.7,22427,14430,32,1.01,2.8,1160,1141
47_shadow,135,1.88,4.3,3134,5639,109,1.73,3.9,2778,4606
Twitch Laterree,178,1.59,1.6,10907,17050,388,1.82,3.7,10630,18629
MӨПΣY,54,0.75,1,5292,3911,295,1.08,2.5,11801,12450
B.GoD_AsK,220,1.03,1.8,12299,12486,304,0.92,3.5,8746,7778
SSOJ-User,51,0.82,0.6,8965,7310,372,1.19,2.4,15688,18223
Shadowslyrcat,127,1.43,3,4178,5808,493,1.66,3.6,13666,21891
FB_Moose,72,1.21,6.8,1063,1197,289,1.36,8.6,3363,4185
Blaze Zzzz,95,1.24,1.6,6090,7434,474,1.46,4.7,10056,13961
VitunAuti041ツ,13,1.41,7.1,182,238,250,2.28,13,1926,3818
SIMP De Yizuz,549,2.68,6.3,8774,22047,620,2.47,7.5,8295,18920
KOBRA-BG,265,1.2,6.7,3963,4440,358,1.06,9.3,3837,3673
Clasѕy,273,3.32,11.9,2293,6716,620,2.32,6.4,9677,21021
PEROALIENX,85,1.15,0.4,19167,21986,233,1.1,1.8,12846,13899
SypherPK,4115,7.16,28.5,14436,73948,919,4.2,18.2,5051,17360
PWA -KiLLUmiNaTI,153,0.89,1,14574,12793,292,0.94,2.9,10168,9279
INFOWARS 2021,245,0.98,3.1,8000,7623,0,0.31,0,112,35
milanko11,11,0.96,2.1,532,498,172,0.97,3.2,5370,5035
BarbieTown,9,0.5,0.9,973,485,595,0.85,3.6,16672,13634
Sherwood-,130,2.29,6.2,2105,4513,924,3.28,14.6,6312,17666
paralen01,42,0.94,1.5,2734,2530,197,1.49,3.1,6366,9195
PSEUDOVULGAIRE,77,1.57,3.7,2106,3183,308,2.13,7.4,4135,8134
YT Corran Drake,221,1.07,1.7,13355,14118,166,1.26,4.3,3846,4655
Lucky_LLukK,134,1.49,7.8,1709,2344,330,1.55,9.4,3504,4909
ᴹᶠᴳ Hogsmeade,84,2.24,4.4,1916,4101,386,2.82,10.8,3573,8988
Bot_TexasTim,23,0.52,0.3,7972,4144,141,0.65,2.7,5304,3351
poppingHasan,854,1.65,6.5,13066,20095,306,1.97,5.8,5257,9747
BoiseBalla,482,2.58,7.7,6258,14903,829,2.23,9.9,8381,16875
Shahri25,495,1.3,3.8,12987,16187,354,1.69,8.9,3983,6129
Mesmeress 74,253,1.56,2,12823,19583,317,1.85,3.6,8826,15781
Sol1101,195,0.67,0.8,24785,16510,,,,,
WinterHaven,139,0.72,3,4567,3204,201,0.99,4.5,4465,4242
Twitch Activas,84,1.86,3.5,2398,4311,503,1.54,3.3,15402,22886
Scentiic,216,1.2,1.1,19329,22921,174,1.21,1.6,10979,13039
RS ツRAYZU on FBツ,317,1.08,3.8,8268,8584,245,1.26,5,4900,5879
THE_CONTRACTOR,17,0.68,0.3,6727,4563,157,1.03,3.2,4932,4899
12am Padster,946,2.73,13.1,7235,17164,109,1.68,4.8,2291,3673
Putsiez ӝ,467,1.92,3.1,15262,28370,694,2.21,6.5,10718,22195
Sinner YT,54,0.94,0.6,9428,8845,135,1.37,1.9,7047,9438
Bob Lazar Area51,1747,2.7,14.7,11920,27439,402,2.51,10.1,3991,8997
Dr_Krashツ,58,1.05,1.6,3631,3755,282,1.14,4.2,6762,7413
Kronik On FB.,342,2.91,10.8,3167,8222,754,3.51,13,5780,17630
Azeroth2100,135,1.5,2.2,6182,9096,4,0.63,0.9,437,274
FIR-TorTuGniaL-,28,1.1,1.1,2476,2705,164,1.54,3.5,4726,7004
Thomshot,292,2.12,4.3,6827,13845,596,2.65,7,8458,20828
Pup-pi,197,2.11,12.5,1571,2903,279,2.03,12.5,2224,3948
Znojmius CZ,94,1.07,1.6,5862,6195,285,1.91,4.3,6638,12148
ᵀʷᶦᵗᶜʰFURLANZERA,66,1.53,2.2,3068,4599,186,1.91,4.4,4249,7776
Twitchlvadriana,14,0.49,1,1363,661,205,1.1,5.8,3529,3660
Aɱιԃαɱαɾυ,147,1.71,2.6,5728,9546,394,1.75,4.4,8864,14809
CrabStik,48,1.19,0.9,5452,6421,128,1.22,1.6,8059,9673
Blaze_Rav3nkillz,554,1.13,5.8,9596,10243,109,0.93,2.8,3834,3450
ZEVEHㅤ,719,3.47,14.2,5080,15152,764,3.38,13.3,5740,16816
Muppetlogic,141,1.29,1.9,7497,9472,219,1.23,4.5,4837,5679
Ziximous,117,1.3,1.5,7731,9881,243,1.69,4.4,5521,8924
Banu-13Hz-,194,1.12,1.9,10264,11312,228,1.14,3.2,7158,7876
fayxeq,183,1.62,1.9,9617,15312,300,1.81,3.2,9271,16251
exeed RekinClown,575,2.81,5.6,10188,26966,818,3.74,11.7,7006,23169
Gughi black eye,28,0.82,2.1,1319,1053,467,1.36,4.6,10062,13066
itsbloodymarie,216,1.04,2.3,9503,9649,530,1.14,4.5,11760,12814
ttv Mochiii_x,4,1.05,3.8,104,105,216,2.01,12.9,1674,2929
Haze-Dubby ॐ,27,0.96,1.3,2043,1943,139,1.12,2.6,5433,5953
HGS C4_Astrofyke,246,1.65,3.3,7475,11935,382,2.53,4.8,7967,19206
SlamFPS,10,2.14,4.5,223,456,273,2.58,7,3926,9434
SpArTaNXx45,80,0.73,0.7,11086,8087,46,0.62,0.6,7873,4846
ᴛʜᴇ ŁØŘĐ,44,0.75,1.2,3618,2684,175,0.9,3.2,5437,4751
Winthern,498,1.68,4.1,12283,19763,562,1.61,5,11242,17219
dEAABLESS,5034,2.71,31.6,15916,29533,63,2.03,11.8,534,956
Ѕmaсks,186,3.11,9.5,1952,5484,1065,4.13,15.1,7064,24773
TheJazzmanCometh,91,1.08,0.4,25679,27640,47,1.88,1.3,3634,6760
Alee10ツ,58,0.73,0.8,7260,5258,240,1.01,1.5,15736,15599
ᵗʷⁱᵗᶜʰStasonBobo,147,1.82,3.3,4488,7922,649,1.81,5.6,11568,19732
JarvoxTv,93,1.24,2.2,4160,5049,446,1.68,6.8,6556,10253
DPChew.,1204,4.2,13.9,8670,31343,1412,4.91,19.3,7310,28951
SimplyÃℓeχaиdrØs,34,1.04,2,1738,1765,409,1.04,2.5,16147,16361
CSE Talmo,831,2.91,7.9,10468,28066,632,3.15,12,5267,14621
Tῳizzy,1,0.55,0.8,121,66,14,1.15,3.2,431,481
The Ecuasian,28,0.83,1.7,1650,1347,108,1.03,2,5422,5490
RAМPAGE88,1256,6.12,25.5,4935,22515,1067,4.76,21.6,4934,18397
independent bam,278,1.9,3.8,7304,13329,496,2.09,7.8,6349,12235
xCrystalShip,23,0.4,0.8,2789,1104,579,0.74,3.6,16266,11619
Prince Strap,375,4.21,15.4,2435,8665,2600,6.41,39.3,6623,25798
ӀmVolt,1366,2.96,8.8,15450,41652,220,1.63,3.5,6321,9969
KUREN 王,938,6.35,16.9,5536,29194,383,4.16,13.1,2924,10559
YoSnn,124,1.19,3.4,3688,4226,540,1.29,7.1,7555,9084
XSET Shark,1393,4.29,13.4,10357,38443,989,4.23,18,5489,19021
NOTʲᶜ ˡᶦᵐᶦᵗˡᵉˢˢﾂ,64,1.1,1.3,5103,5564,199,1.46,3.4,5924,8385
liquid bugha 우,935,2.71,7.1,13221,33335,134,2.54,9.4,1426,3285
unikornpiss,13,0.84,1,1276,1066,194,0.92,3.2,6050,5403
Twitch Poison,479,2.55,10.2,4687,10739,428,2.44,8.2,5232,11717
yunyache32,637,5.1,14.4,4417,19284,454,4.45,13,3496,13552
Sandus_2k,560,2.55,6.9,8110,19220,938,2.81,9.5,9829,25015
DammitJess,21,0.83,1,2126,1738,216,1.09,4.5,4844,5048
AQT Rinoツ,50,1.52,3.1,1619,2390,265,1.8,6.1,4345,7341
The-Mafia,168,0.65,3.9,4299,2691,873,2.74,27.4,3186,6340
ɐʌɐʞ uo sʎɐqʎuun,64,2.91,7.2,894,2413,89,2.57,7.1,1245,2973
Youtubeوزيرالايم,1574,2.5,14.3,10993,23545,184,1.99,7.3,2505,4617
ToffieFeeTV,63,1.09,1.2,5415,5844,239,1.51,2.5,9622,14176
BeRKeRx,112,1.63,2.2,5011,7982,206,1.61,3.1,6549,10204
diecohdeuS,302,2.38,7,4329,9593,729,2.62,7.5,9742,23611
iam samael,220,1,1.5,14308,14147,274,1.37,2.9,9533,12669
MIHMARTIN19,246,0.9,3.2,7605,6637,185,0.92,3.8,4859,4322
sammy494,83,0.88,2.3,3600,3091,367,1.22,4.8,7640,8887
Bolji igrac.,226,1.18,3.9,5816,6602,378,1.59,5.3,7080,10676
丂卩丨Ѳ几乇匚Ҝ,117,1.32,3.2,3667,4696,294,1.33,6.2,4735,5925
蛇 Shun 様,239,1.52,5.7,4188,6017,574,1.81,8.1,7113,11813
2mro_,129,1.28,3.8,3437,4250,450,1.93,5.8,7803,14173
Hu_lee_guns,180,1.29,3.4,5333,6642,453,1.4,6.3,7147,9381
Daven ツ,706,3.28,10.1,6990,20635,784,4.41,14.9,5274,19793
Yermoermo,138,1.92,4,3443,6360,622,2.7,6.2,10034,25445
croatianbuffalo,108,1.67,5.1,2104,3341,129,1.19,4.1,3125,3570
Max Ax3,625,2.22,6.6,9490,19724,590,2.53,9.1,6499,14935
Grizi Χewer,762,3.95,9,8502,30578,776,3.04,9.8,7919,21716
d0rrk,26,1.31,1.2,2209,2865,243,1.72,2.7,8878,14851
NEOObtwᵀᵀⱽ,825,2.62,8.9,9319,22244,460,2.47,9.5,4842,10805
危険を恐れて泣いてる,40,0.82,0.5,7897,6424,627,1.72,8.2,7639,12093
78 Rotory cl,489,2.85,3.9,12458,34067,528,3.02,6.4,8294,23466
ᵀᵀⱽ LupiiNz,10,0.84,0.6,1756,1464,96,1.59,4.6,2094,3169
FuScOnEd,113,1.97,4,2817,5339,95,2.74,8.9,1062,2650
222 GaminG on FB,9,0.97,2.5,361,342,79,1.35,4.5,1743,2249
Jukіe,222,2.19,3.9,5628,11835,477,2.43,6.5,7306,16606
TWITCHXANDYKAWAI,313,1.96,7,4465,8153,897,2.08,12.3,7280,13254
TNG NicFN,643,3.14,8.2,7807,22485,1020,3.83,12,8499,28624
mcdabz,156,1.8,3.8,4142,7155,657,2.45,7.1,9287,21107
iTzMarcli,292,1.62,3.3,8821,13833,224,2.48,7.3,3084,7090
GAWS TV,599,3.4,9.2,6508,20101,1124,3.57,11.8,9555,30096
B0MII 波米,70,1.55,2.4,2877,4358,388,2.88,11.2,3476,8878
Romp N Stompy,312,1.46,3.2,9648,13599,236,1.51,3.5,6719,9802
sea_dweller,552,1.78,3.5,15853,27239,132,1.33,3,4465,5781
QuiltedMaple,377,2.26,5.6,6687,14243,914,2.33,8.9,10236,21700
NotsKaiky,111,1.46,1.7,6537,9402,254,1.5,3,8390,12183
wilaxx59,21,0.75,0.7,2954,2192,190,1.01,2.7,7155,7014
LamontNastyTTV,60,1.4,2,2954,4041,379,1.89,4.7,7986,14347
CooL 酷,438,1.4,2.2,20350,27804,174,2.78,5.6,3113,8185
TocToc-Faaaaio,176,2.1,8.5,2069,3966,685,2.55,10,6851,15709
ℵℶ ℵℶℵ,91,1.34,0.4,25420,33854,107,1.31,1.3,8243,10672
cr yusewimps,433,2.95,8.2,5263,14244,377,3.08,10.8,3493,9585
BØRRACHØ,55,0.71,1.7,3264,2286,399,1.32,3.9,10271,13057
OG-nutone76,15,0.71,1.4,1071,755,129,0.7,3.5,3671,2477
njethro,121,2.11,11.6,1047,1953,521,2.16,11.3,4616,8835
Bart LovesMajo,129,1.23,2.5,5219,6275,381,1.49,4.6,8337,11824
Batatinha_Chips,21,0.96,1.4,1534,1446,167,1.12,4.7,3587,3815
hateme4that,224,1.68,5.1,4353,6939,305,1.8,7.1,4266,7147
War-Ghost,262,1.81,2.4,10757,19040,331,1.56,4.3,7771,11625
Roadkiller.,120,1.77,2.5,4855,8363,438,2.17,5.4,8067,16584
EssMGeeSprAY_TTV,68,0.87,0.6,12055,10449,165,1.02,1.6,10262,10301
Visu Akusto,318,2.62,3.2,10032,25445,454,3.19,7.7,5881,17312
kokosinela,252,0.95,1.7,14963,13946,87,1.36,1.6,5455,7327
ɱąɖŋɛҳųʂ,37,1.19,2.9,1292,1489,212,1.54,5.8,3651,5302
Roger_Rabbitツ,4,0.3,0.5,865,262,6,0.26,0.6,1086,276
Twitch kargeaux,84,2,2.8,2987,5813,365,2.1,4.4,8264,16603
Kelu04,264,2.43,6.6,3990,9063,411,2.24,6,6877,14465
zaviria,98,0.91,0.8,12362,11129,12,0.94,0.9,1409,1310
just bubble〆,157,1.6,2.2,7252,11349,350,1.74,2.8,12644,21390
DELETE Kloff,436,2.12,11.9,3666,6857,887,2.26,9.2,9673,19835
mrJonnyM,163,1.66,7.1,2306,3561,244,1.92,8.7,2817,4948
Lxckyer,285,1.71,3.1,9336,15448,336,1.47,4.7,7096,9944
DaddyWrzeszczyk,611,2.37,6.1,9956,22171,700,2.43,8.8,7913,17515
SPCambo9,910,2.02,10.4,8750,15858,410,1.88,7.9,5199,8985
Braxtonjames2020,704,4.32,15.1,4675,17153,1433,5.73,21.5,6660,29970
Deyf5 en twitch,392,1.62,4.2,9322,14479,742,2.43,10.7,6905,14949
leafkemon TTV,633,2.74,6.9,9202,23508,1235,3.19,11.8,10430,29350
ttvSomeSaucy,30,1.19,2,1524,1773,115,1.27,3.8,3027,3693
ᴰᵀ RISE oF AMIR,207,1.15,1.4,14429,16338,70,1.05,1.5,4622,4797
Mma A7Aψ,681,2.72,10.1,6736,16491,466,2.93,10,4675,12344
shakatop,180,1.06,4.4,4126,4201,115,1.08,4.5,2576,2655
DXR_R1pPeR ツ,84,1.01,1.6,5117,5104,406,1.42,4.2,9772,13340
OMGさん,20,1.74,4.6,432,715,669,2.5,13.6,4922,10615
GoodGuyBambi,42,1.53,4.3,966,1414,572,2.09,7.2,7898,15316
JK BRaVE YT,51,1.31,2.5,2008,2559,317,1.76,6.3,4996,8213
EryKDragoN,303,1.85,4,7539,13401,437,2.45,7.4,5876,13351
adv dawinǃ,341,1.35,1.6,21802,28896,358,1.73,4,8943,14841
Dheylo Granjero,1553,3.91,14.1,11009,36977,1073,4.3,21.3,5034,17026
N3W_ST4R_M3,159,1.22,1.3,12576,15208,327,1.68,3.5,9276,15068
evox x Liswe,104,0.69,0.7,14154,9640,167,0.84,1.7,9720,8058
nɹǝԀ ɹǝpʍƎ,252,0.89,1.8,14269,12459,112,0.92,2.9,3907,3487
BigPapiStriker,483,1.99,10.4,4664,8336,455,2.04,9.2,4947,9145
SAVAGE 义,64,1.1,1.2,5428,5874,124,1.09,1.6,7552,8118
DramaCorn,577,2.2,8.6,6748,13601,763,2.41,9.8,7791,16924
WilsonTheThird,542,1.41,4.6,11850,15987,457,1.55,7.2,6345,9128
ғᴀᴢᴇ ARAKA29_ツ,51,1.29,3.1,1661,2082,131,1.48,3.3,3960,5661
primal kcazzy,28,1.31,1.3,2233,2886,366,1.67,4.2,8671,13896
TTV cdogz12345,152,0.91,2.2,6839,6107,156,1.1,2.3,6675,7159
Lvstphoenix,9,0.61,0.3,2873,1735,28,0.59,1,2693,1581
da_Kìlo,315,1.56,3.5,8953,13509,265,1.53,5.1,5204,7564
RK Hysteria,105,1.22,1.8,5747,6880,377,1.54,3.8,9837,14535
СROUSE,214,1.64,4.7,4532,7078,352,1.55,6.8,5143,7420
Stefan -,55,0.89,1.3,4259,3758,207,1.27,2.7,7653,9455
استغفرالله ّ ّ,22,0.75,0.3,8171,6129,18,0.98,1.1,1662,1615
nugメ,155,0.64,2.7,5678,3525,3,0.68,0.6,490,333
UZB050,17,0.72,1.2,1390,989,32,0.79,2.7,1203,921
Liquid Harmii,1079,3.53,8.2,13217,42845,1110,4.4,17.2,6442,23453
Trévon,533,2.19,8.9,6003,11958,810,2.24,12.2,6636,13039
cerin7,528,2.59,4.7,11223,27689,481,3.46,7.1,6746,21669
CL4NPlayer TTV,48,1.24,3.7,1290,1542,121,1.3,4.7,2574,3183
Fen1x Recargado,78,0.57,1.1,7311,4153,149,0.62,3.9,3824,2269
duokiller82,157,0.94,1.6,9937,9205,118,0.79,1.7,6845,5325
DeskPopDave TTV,124,0.89,1.6,7521,6558,365,1.22,5,7299,8432
GW_Nephrite,2305,4.96,21.7,10600,41168,595,4.4,24.3,2446,8147
juansit0_BEAT,103,1.36,1.3,7954,10652,210,1.2,3,6987,8107
KyoFN TV,271,2.05,3.9,6861,13517,217,2.74,9.4,2307,5724
VKS rezende,267,2.81,4.9,5480,14651,369,2.96,6.8,5449,15032
Dougall Ya DiGG,21,2.32,4.9,426,938,470,2.27,6.9,6813,14393
zbrore,182,1.2,1.2,14748,17548,132,1.34,1.7,7548,9903
娜勒杰迪诶迪勒,62,0.94,1.2,5068,4690,80,0.82,2.8,2813,2231
4 Not Hellfire,257,2.55,4,6378,15593,942,3.41,7.8,12136,38225
Hazardous Logic,25,1.34,1.2,2166,2878,110,1.42,4.1,2691,3658
illuminanceTTV,187,2.97,8.1,2296,6266,707,3,11.7,6033,15989
GEIL MaXiGuM,4,1.14,0.9,425,481,157,1.89,5,3126,5606
GeneralMarkan,66,0.4,0.7,9404,3774,103,1.08,2.4,4273,4508
Bunny ӝ,453,4.03,11.8,3847,13684,463,4.86,14.8,3128,12939
C.p_98,77,1.01,1.5,5243,5211,423,1.25,3.5,12212,14790
KingFlippurPlays,59,1.09,1.9,3116,3323,180,1.09,3.8,4791,5035
Softе,1882,5.08,18.3,10262,42582,1160,4.69,16.6,7005,27403
病む病む_,757,4.5,20.5,3698,13247,1328,3.92,23,5784,17459
not sad bent,378,3.02,8.9,4257,11707,610,4.24,13.3,4580,16816
Dom only,155,1.16,1.4,11377,12983,72,1.16,1.5,4727,5378
VegboyWonder,519,0.73,4.9,10531,7335,22,0.95,4.7,472,426
P Patrol67,100,1.49,1,9701,14263,85,1.31,1.4,6091,7875
PewLookAlike,7,0.44,0.5,1331,587,6,0.17,1,613,102
Fivaxe,173,1.33,1.4,12242,15999,86,1.48,1.7,5119,7457
Panzerッ,573,2.88,12.9,4454,11196,165,3.73,19.7,839,2511
Frank372,30,0.94,0.1,23640,22265,105,2.05,3.3,3176,6282
whoSavvy TTV,31,1.1,1,3153,3438,301,1.52,3.6,8443,12380
Mencho1x,191,1.87,1.7,11484,21163,201,2.18,3.8,5267,11035
verdu.,349,1.41,2.2,15577,21421,162,1.49,3.5,4579,6601
frayLingers,357,3.53,14.6,2438,7339,280,2.36,11,2544,5340
npen,1167,4.41,10.8,10759,42312,697,4.35,17.3,4030,14499
mɑster,789,4.79,11.9,6611,27904,1038,4.64,16.2,6401,24896
6GG,34,1.63,4.5,762,1186,826,3.16,15.1,5475,14674
CrAzZy GiRLツ,73,1.07,1.3,5756,6071,184,1.18,3.3,5563,6353
butchersdr,17,1.32,2,868,1125,221,1.7,3,7303,12071
MaCleanAR,40,0.91,0.8,5109,4629,128,1.23,2,6487,7806
nAsTYxbone,21,1.36,6.1,343,438,304,1.35,5.1,5996,7661
EDCOMED,177,0.92,2,9004,8146,10,0.78,1.5,653,502
Spary 69,186,0.97,2.8,6707,6296,214,0.93,3,7081,6417
scoutii poo,644,3.63,9.4,6840,22521,547,3.13,7.8,6995,20155
Zoe ム,52,2.04,6.9,755,1433,458,0.85,4.7,9702,7879
Mr_Foco_ ON IG,25,0.77,0.9,2917,2239,103,1.12,2.8,3630,3938
69ッッッ,350,5.19,24.9,1405,5472,1417,6.97,32,4431,21005
Ghizzawi-_-,144,1.62,3.5,4171,6521,543,2.11,5.6,9648,19201
Nekkern88,307,0.84,2.4,12921,10587,121,1.05,3.1,3850,3905
keyboardreyli,405,2.75,14.4,2806,6594,1057,2.31,13.2,7988,16044
crazy noob21,119,0.78,2.8,4237,3192,177,0.76,3.4,5182,3823
ｲﾘムﾑ,32,1.86,5.3,608,1071,364,2.34,7.9,4595,9880
Haitorii,25,1.12,1.2,2163,2400,4,2.16,3.7,109,227
JINZﱞO,551,2.77,7.1,7731,19911,808,3.48,11.2,7246,22376
StyxiΨ,15,0.75,1.1,1320,985,76,1.12,2.3,3275,3577
WraithFunky,126,1.37,1.9,6616,8906,99,2.48,8.1,1229,2806
GayPrideGamer,69,1.08,2,3475,3663,99,0.8,1.7,5693,4500
bib_hop,1,1.07,0.4,248,265,13,1.16,2,641,726
KKILLER ANGEL,9,0.7,0.5,1964,1368,53,0.82,1.5,3639,2941
UwU Cthulhu,19,0.95,1.7,1104,1026,157,1.44,4.4,3560,4889
rac711,12,1.01,2.9,413,404,63,0.72,3.4,1874,1304
Liquid Alixxa,1726,3.4,14.3,12051,35148,501,3.05,13.7,3649,9599
XxS_Wingert,375,0.61,5.2,7148,4106,729,1.64,12.1,6004,8647
Venasty Ankou,164,1.57,2.6,6239,9546,444,1.66,3.6,12262,19658
pughiee,95,2.54,5.4,1770,4259,592,2.5,9.5,6254,14182
FraGmenT23,208,1.26,4.3,4855,5860,268,1.45,4.4,6103,8434
Jaiden Maynee,145,2.31,7.6,1920,4100,397,2.34,9.2,4338,9210
fat deg on kava,3,0.95,2.8,108,100,62,1.47,2,3057,4417
Jano0o_o,11,1.12,2.5,432,473,160,1.41,4.2,3846,5212
Jeninator_,222,1.56,1.8,12302,18802,687,1.71,4.3,15818,25855
BEQA paranoia,1070,2.69,14.1,7583,17518,734,2.74,9.4,7836,19490
hamadibkr11,153,1.08,1.9,7873,8322,89,1.31,2.4,3685,4711
Каїz,33,3.33,8.1,405,1237,859,4.04,15.6,5521,18830
x2jordan. iwnl,64,1.24,1.5,4266,5221,408,1.79,6.2,6530,10939
Twitch Dakilla84,80,1.88,3,2678,4877,325,2.27,4.3,7561,16458
Xen Lvk0 TTV,274,2.31,5.2,5298,11593,773,2.78,11.4,6798,16727
Je2Any Bruce Lee,171,0.93,1.1,16152,14859,76,0.91,0.9,8107,7301
CanDook,1878,2.71,10.1,18604,45245,450,2.89,18.5,2439,5758
Ninjassian,92,1.17,2,4651,5340,382,1.62,5.9,6491,9927
CordobezFer,824,4.21,13.3,6183,22557,1050,4.73,21.2,4942,18411
Betty Drillza,128,0.87,1.1,11525,9863,123,0.78,1.9,6561,5019
SuperBambiPanda,67,0.82,1.1,6200,5038,230,1.29,3.5,6608,8224
ProgramFN,238,2.46,5.3,4464,10406,875,2.68,9.9,8853,21403
Zara Coconut,24,0.62,1.3,1813,1103,337,0.86,4.3,7909,6497
nightrixツ,437,2.13,7.2,6082,12035,444,2.23,9.5,4680,9442
iloucha,739,1.52,3,24789,36657,15,0.93,1.1,1402,1291
Twitch_PuZiiyoッ,290,5.68,21.8,1328,5898,211,6.26,29.9,705,3093
two pay pau,84,1.07,2.6,3202,3324,476,1.5,5.9,8005,11261
Chugga626_TDG,299,0.92,2,15193,13730,27,0.82,1.4,1895,1540
Twitch TritLive,53,1.2,0.5,11463,13696,113,1.37,2.1,5497,7367
SchwarzPanda,4,0.54,3.8,105,55,531,1.1,7.3,7262,7372
TROUBLE 凸-_-凸,33,0.99,1.5,2201,2137,495,1.18,3.6,13896,15756
sky133801,24,1.03,0.4,6106,6247,31,1.16,1.1,2703,3103
JJ.1SHOT-FB,396,2.4,8.6,4605,10121,557,2.79,11.2,4985,12371
ツCasul,44,1.16,3.3,1338,1495,117,1.2,3.6,3246,3760
Redvines,101,1.95,3.8,2633,4925,203,3.98,7.8,2617,9597
Twitch ItsCaedo,73,2.12,5.7,1285,2575,209,2.16,7.7,2726,5449
CoachNick1,120,0.77,3,4006,2974,341,0.64,8.1,4201,2459
Arg-DAVID_KOF,119,1.42,3.1,3881,5347,280,2.27,9.2,3032,6245
کLegustک,148,1.33,2.6,5639,7287,412,1.56,4.2,9733,14511
лegaл ay лол,181,1.09,2,9195,9826,339,1.21,3.3,10425,12155
ᴛᴡɪᴛᴄʜ UMB0T5,185,2.33,3.9,4774,10704,406,2.61,5.3,7617,18820
Ｌ３ＮＮ,171,4.32,19.3,885,3086,788,5.07,29,2715,9776
Serious Hakid,5,0.81,0.5,984,796,65,0.88,1.7,3835,3328
Sahag_TheKing,93,0.95,1.6,5987,5570,228,1.02,2.5,9266,9228
Timzoes,1687,7.67,29.9,5636,30299,776,4.92,20.3,3831,15043
THE PUNISHΞR,15,1.66,2.1,712,1159,177,2.05,7.9,2246,4235
PG.PETER,270,0.96,1.5,18393,17385,236,0.91,2.8,8378,7392
eboyakill,108,0.48,4.8,2258,1022,275,0.21,9.8,2796,528
TTV OTigreChino,214,1.21,2.6,8231,9731,423,1.49,5,8423,11940
Bharat-ka-Sapoot,534,1.3,4.2,12680,15810,228,1.35,5.4,4239,5396
4R4G0R,55,1.15,2.1,2568,2881,297,1.42,5.3,5643,7568
mattG3llo_twtch,72,0.8,0.8,9009,7144,122,1.85,4.7,2591,4560
CIK_Dusha,260,1.48,2.2,11758,16984,194,1.77,3.7,5256,8977
monkey D brg,124,1.09,1.7,7433,7965,363,1.3,3,11967,15104
eLiXr Rhubarb,396,1.82,9.6,4127,6807,1293,2.24,16.4,7880,14780
BotieL,68,1.3,1.5,4459,5730,171,1.71,3.1,5537,9201
Soy malarda,19,0.7,0.4,4246,2939,48,0.85,1,4949,4187
Kubi.,224,1.78,4.8,4627,7835,448,2.23,7.8,5744,11806
vegard.stus,217,2.26,7.4,2951,6190,878,2.85,10.2,8590,21992
G o l d P r o,38,1.19,1.9,1981,2311,151,1.32,3.2,4709,6016
LukeShots,591,1.15,2.8,21096,23615,4,0.81,1.9,209,167
4LK SmiteShotz,678,3.65,10.4,6539,21381,726,3.29,9.9,7353,21802
DDM92ϟ,1,0.75,0.5,221,165,130,1.2,2.8,4627,5403
Zero is back,21,1.05,1.1,1837,1908,531,1.77,4.7,11335,19131
woltaire.,135,2.65,5.1,2647,6664,567,3.69,8,7045,23923
Joe Bゞ,226,3.04,6.2,3629,10334,1042,3.68,8.2,12655,42717
LakisLakis77,34,0.83,0.3,10184,8399,78,1.01,0.6,13300,13372
Quikslik,1693,4.06,26.4,6415,19158,807,4.26,17,4741,16748
Shadyッ,2,0.69,0.3,617,425,205,1.35,5.3,3833,4904
Elesawy_,91,0.82,1.4,6661,5376,414,1.14,3.1,13244,14597
VSC TdSoqueTeS,21,1.32,2.1,1009,1304,246,1.56,7.2,3410,4930
Nightcrawler H2O,65,1.05,1.4,4774,4955,37,1.06,2.1,1742,1813
Dr3ma不,90,1.11,0.7,13833,15213,260,1.3,2,12984,16504
IAM_MBiO,9,0.6,0.4,2158,1286,49,0.58,2.2,2238,1278
사퍼드와이트,13,1.58,2,653,1010,62,2.62,9.1,684,1632
OMEGA.LEB,465,2.92,9.7,4805,12681,945,3.41,14,6727,19733
luсaa 74,396,1.52,2.6,14958,22119,240,2.1,4.6,5259,10548
Scared2Love,27,1.69,4.6,583,939,432,3.89,16.8,2566,8302
KoKo Senpai Ø,159,1.48,8.1,1951,2649,331,1.79,8.9,3711,6051
GrampaJ,208,0.98,1.6,13032,12618,89,1.04,2.7,3315,3363
geovani_L2R2,98,1.4,2.1,4639,6379,318,1.84,3.5,9046,16065
annoyingfish,155,0.84,0.5,34307,28632,4,0.49,0.6,616,299
白 ObG_SɨĐ メωᴱᴱdメ,202,1.61,8,2525,3749,445,1.81,8.7,5133,8490
asdfman151modell,466,2.39,9.3,4990,10797,1404,2.89,14.5,9653,23815
firestorm6876,96,1.2,1,9404,11172,154,1.79,3.1,5033,8753
CaGeDeMiSe,148,1.14,2,7589,8462,150,0.69,2.6,5881,3961
triton SRB,50,0.81,1.1,4454,3586,88,0.79,2.2,3982,3076
Koffe7,600,2.12,5,11996,24173,655,2.54,8.7,7507,17423
AndrewKilburg,474,1.78,4.7,10097,17147,651,1.87,6.8,9518,16594
mr.roachclip420ツ,22,0.41,0.7,3059,1230,148,0.9,2.5,5915,5194
Admiral Floty,177,1.99,4,4439,8499,436,1.94,4.6,9446,17522
ˢʸʳᶤᵃZ3EM,103,0.92,1.2,8481,7680,318,1.34,2.5,12941,16942
Mrožec 20ping,843,1.46,5.7,14806,20392,75,1.44,9,831,1085
Blaack_Toown,211,1,1.5,13888,13629,292,1.3,3,9811,12334
benzopilа,170,1.68,1.7,9796,16145,245,1.79,3,8221,14255
Whistler_ELITE,141,0.83,0.9,16353,13531,117,1.26,2.2,5263,6479
hqr_diver,150,1.31,2,7544,9698,371,2.07,4.7,7966,15759
TTV THEMORIK0,333,1.88,1.7,19227,35477,214,1.81,2.5,8426,14830
Farfadet53,91,1.1,1.8,5053,5448,134,1.13,3.9,3436,3739
NotS0phy,24,1.26,3.1,769,936,396,1.34,5.7,6996,8848
Field_King,3,0.61,0.5,588,358,46,0.85,1.5,3036,2544
Twitch Linixesis,91,3.27,9.9,916,2694,289,5,17.1,1690,7007
Bіxby,144,3.89,8.9,1618,5739,379,4.05,15.2,2500,8587
Walkawaynerd,18,1.12,4.6,393,420,217,1.16,4.5,4865,5401
OVA katoo,682,4.21,13.7,4971,18038,1593,5.01,20.4,7801,31075
Aimbot Bravo,518,2.55,5.7,9117,21955,320,2.48,11.8,2723,5968
Souls OCulien,2,0.34,0.8,249,84,34,0.58,4.1,837,467
Blessed Gastón,145,1.5,1.7,8362,12295,309,1.89,3.1,9842,17975
Mad Kiwi,338,1.46,1.9,17721,25297,7,0.58,0.6,1267,732
60ping Devmaster,264,2.28,5.5,4819,10399,460,1.93,6.8,6793,12238
Monkey D. SHURA,41,0.77,0.9,4499,3414,106,1.03,2.1,5141,5177
PG Kekkobomba,490,2.12,6.6,7460,14790,467,2.35,10.7,4381,9190
SLN QZITU,492,2.03,3.7,13151,25677,241,2.28,5.5,4373,9422
Miro.PL,7,0.29,0.7,1035,298,58,1.14,2.4,2392,2660
SEN LupS,269,4.08,15.6,1729,5964,1565,6.02,29.6,5296,22458
Fortnitedelcaxxo,2,0.54,0.3,708,378,104,1.04,2.1,4905,5000
V0N .,14,1.35,2.4,591,781,115,1.7,4.9,2351,3799
JorgeBeleza,261,1.5,1.6,16511,24330,317,2.54,7.1,4450,10493
Ghizonator,355,3.15,10.5,3384,9546,1382,3.79,15.6,8873,28377
LordSkaarj,224,1.53,2.9,7688,11420,330,2.09,5.4,6063,12010
teryyyyy.0,258,1.76,1.4,18234,31556,302,1.82,2.7,11133,19757
Mechanics-α-,210,1.38,3.1,6823,9139,744,2.12,8.5,8783,17035
IGOR_SENPAI_YT,423,2.28,10.6,3987,8112,891,2.9,18.4,4847,11463
FB GIAN ROCK,102,1.86,4.2,2451,4365,235,1.67,4.5,5247,8366
ANTandLION,356,0.76,3.6,9783,7164,234,0.81,4.1,5691,4447
reKruLz,212,1.89,4.8,4451,8031,521,2.23,7.5,6963,14350
elfyia,44,1.19,3,1456,1682,335,1.5,9.2,3646,4974
dann,216,2.25,8.1,2665,5499,455,3.32,15.4,2964,8332
Sharpie25,41,1.71,3.6,1147,1887,266,1.94,5.8,4565,8338
luizfelipepg,95,1.48,3,3176,4571,283,2.2,6.8,4177,8571
SyfexG,61,1.09,1.3,4584,4950,319,1.16,2.4,13152,14850
Mamdouuhh1,202,1.11,1.7,11862,12973,283,1.23,4.7,6065,7106
roofnman,147,0.75,0.6,23993,17996,4,0.4,0.6,695,276
ItsWiKKiD,1524,5.94,28.4,5360,22781,1662,6.24,33.8,4915,20293
Worlds Burning,340,2.06,6,5667,10970,574,2.25,10.1,5711,11566
ttv Veroxr,776,1.99,5.4,14456,27168,225,2.05,4.7,4835,9442
skv1zi02,88,1.35,1,8900,11857,131,1.75,1.8,7289,12555
дидиска,15,1.11,1.7,909,990,47,0.88,1.8,2654,2292
Dr DeDaO,67,0.66,0.9,7490,4899,313,0.9,2.8,11344,9888
まゆりと,148,1.86,4.8,3090,5459,387,1.89,10.8,3588,6040
9LIVES Crumble,601,3.05,6.9,8656,24541,551,3.52,14.1,3903,11784
LIONJV,151,1.26,4.5,3388,4081,201,1.49,6.5,3110,4326
Pato144000,336,2.25,5.1,6584,14047,504,3.5,11.1,4558,14174
scoop_007,630,3.38,18.3,3450,9528,1177,4.25,21.7,5436,18096
Decent William,4,0.7,0.7,571,399,20,0.79,2.2,920,711
الايم الخربوط,208,1.31,2.9,7077,9026,39,1.47,3,1287,1838
strayaares,24,1.57,5.9,407,601,0,0.85,0,97,82
bestplayeranto,144,1.35,1.5,9321,12403,143,1.53,2.6,5556,8294
Matsi yessir.,101,1.24,1.7,5881,7158,233,1.46,3,7885,11164
sᴢᴇғᴜɴᴄɪᴏ fαѕтєr,65,0.93,0.8,7753,7127,105,0.79,1.1,9590,7534
ALESSIØ10,307,1.9,5.8,5336,9579,749,2.06,10.8,6934,12735
J_Nice04,44,1.11,0.4,10063,11121,80,1.15,0.8,9796,11174
Nox_Max,177,0.89,1.6,10854,9516,114,1.6,3.4,3305,5115
CROPTOP Dylan,106,0.21,0.4,24887,5321,41,0.76,2.2,1880,1389
MrBartell on FB,322,1.94,5.6,5799,10643,612,2.21,6.9,8889,18269
Justiph,299,1.75,3.7,8181,13831,185,1.27,2.8,6598,8134
molaz1,42,1.02,2.2,1869,1863,22,0.86,2.5,886,741
PADRINHO 240Hz,71,1.19,2.5,2821,3273,119,1.6,4.9,2446,3731
DecayingTunaLips,108,0.72,0.5,20193,14464,64,0.6,1.3,4996,2940
CruelShredder,53,0.61,1.5,3504,2107,153,0.76,4.7,3278,2386
PvpUprise.,448,2.36,5.1,8751,19589,435,2.72,7.9,5523,13826
ehcruz Ψ,153,1.04,2.2,7084,7208,371,2.26,9.8,3781,7707
Hootyhoo,162,1.7,2.7,5919,9765,431,2.06,6.2,6911,13360
Punisher-ك,102,0.96,1,10067,9534,171,0.99,2.1,8117,7885
NEW vinny,384,2.01,3.9,9927,19195,485,2.63,7.5,6445,15652
PumpMeHarderPapi,1659,5.31,20.3,8179,34602,466,3.52,11.4,4087,12737
iTøxiic ツ,193,0.98,1.8,10501,10080,270,1.22,3.5,7630,8982
VIPEX avok ӝ,132,0.83,0.5,26642,22007,157,1.52,2.7,5907,8737
DreamSketch,642,2.48,5.5,11618,27255,362,3.8,13.4,2699,8879
zxcv -iwnl- 圖例等級,132,1.13,1,12623,14131,150,1.49,2.9,5193,7525
NorCal Kаi,53,3.16,7.9,668,1946,538,4.93,16.3,3294,13596
Persicutor,514,2.03,6.7,7658,14535,97,1.4,2.7,3568,4853
NoobBryant,65,0.9,2.1,3168,2798,153,0.94,2.9,5261,4786
Twitch Khemzah,39,2,1.5,2670,5270,136,1.87,2.2,6058,11076
AquaFizz,309,2.03,3.2,9667,18980,390,2.09,5.7,6825,13474
BrotherDarkne55,149,1.94,3.5,4303,8078,371,2.13,7.7,4790,9432
Kun0HD,70,0.81,1.4,4838,3860,279,0.97,3.2,8808,8306
Tokyo Blade,261,1.02,2.5,10559,10534,152,0.93,1.7,8952,8166
RageFaija,57,0.62,0.9,6359,3910,198,0.81,2.9,6924,5456
Twitch_안느,197,1.7,3.7,5254,8622,364,2.39,11.1,3283,6986
M1chael07,61,0.84,1.7,3620,2980,656,1.48,6.8,9714,13436
Smoke 200ₚᵢₙG,23,1.48,1.7,1349,1956,487,1.71,5.1,9510,15416
Siуang YT,973,2.94,7.6,12732,34551,311,2.92,6,5197,14246
10ironhead00,321,0.91,2.4,13648,12161,18,0.57,1.1,1605,898
RS OP ytOviPatac,63,1.35,2.6,2387,3128,167,1.45,4.2,3945,5482
2jz swapped,1317,4.89,16.2,8136,33349,1110,5.05,24.6,4507,17163
shaxxnd .,545,2.38,4.3,12787,29106,907,2.85,10.1,8991,23077
kika チ,506,2.66,5.4,9330,23444,514,2.35,7,7294,15904
Twitch xxSHIFTx,27,2.49,6.6,408,947,94,3.45,16.4,572,1650
Marduniano,153,1.72,1.8,8591,14500,238,1.81,3.5,6841,11951
SneakyBets,402,2.22,4.6,8745,18505,337,1.57,4.6,7248,10851
JPipita7 TTV,387,1.28,5.7,6764,8184,227,1.31,5.6,4029,4975
1er World Cup,1172,4.2,16.5,7097,24892,1848,4.5,19.3,9581,34776
ClearlyOutPlayed,15,0.87,0.5,2908,2503,76,1.15,1.6,4618,5230
Techtie,46,1.51,6,765,1086,376,2.17,14.2,2641,4921
Blessed Takaツ,558,3.17,12.9,4339,11981,446,2.93,10,4460,11764
TTV DarkSider85,108,1.29,1.2,8792,11187,289,1.41,3.2,8937,12224
WERRRA03,129,0.9,2.3,5611,4947,224,0.77,1.9,11945,8975
ItsSimplyDanny,189,2.68,7.7,2463,6097,540,3.84,14.5,3729,12241
ARK MustafaAbi88,369,1.02,3.2,11590,11431,150,1.42,4.4,3413,4642
FzDDDDDDDDD ツ,307,2.34,7.6,4048,8741,762,2.55,11.7,6527,14672
Gamma Ψ,77,0.91,2.5,3053,2717,159,0.97,4,4009,3753
Boneman 74,186,0.77,2,9185,6942,86,0.67,5.1,1694,1071
L E Ó N.,276,1.41,1.8,15634,21655,215,2.24,5.3,4039,8571
pufinzム,311,4,12,2581,9077,675,5.06,16.4,4122,17453
New Killing,77,1.18,0.7,11817,13879,170,1.74,2.6,6417,10869
Crysonek,65,1.4,2.7,2392,3248,495,2,8.1,6138,11264
behrooz4248,230,1.13,3.3,7069,7733,397,1.16,6.9,5769,6208
Platine 永,151,1.1,2.4,6411,6899,122,1.22,3.5,3518,4142
pari93,27,1.25,2.2,1242,1523,145,1.21,4.9,2982,3438
CheQeMatt-CsK,257,1.25,2.3,11375,13870,170,1.23,2.8,6098,7298
herK0kales,164,1.34,1.3,12686,16721,211,1.45,2.7,7808,10996
LNDONY,631,1.9,4.5,13962,25354,69,1.87,3.3,2064,3733
M10 Pepper,859,4.39,19.2,4481,15886,1555,5.53,23,6768,28812
DAVIDLAG-ECUADOR,258,1.52,2.7,9645,14305,329,1.37,3.2,10211,13503
Eton1127 YT,194,1.2,1.3,15347,18143,107,1.3,2.1,5133,6541
Father Brooks,90,1.85,5.7,1587,2768,955,2.24,6.8,14070,29321
Sрicy,1847,4.23,9.2,20001,76734,707,3.67,11.1,6387,20864
Jonny_Quinn,655,2.48,6.6,9924,23002,712,2.07,5.9,12028,23461
rhihno,529,2.72,7,7588,19189,579,3.29,10,5781,17106
BaySoldier,778,3.61,8.6,9081,29955,987,3.69,14.3,6923,21906
Ackerman 76,120,1.73,2.6,4605,7754,143,1.7,3.5,4120,6771
DubNasty23,371,1.01,2.5,14699,14449,52,1.58,4.9,1066,1598
D0nger.,6,1.41,1.5,397,553,904,3.05,15.6,5786,14880
Mampuu,98,1.49,5,1958,2773,410,1.99,8.1,5064,9278
J0hny sinss,217,1.83,4.6,4756,8303,404,2.25,5.8,7003,14816
аkiooo.,160,1.68,3,5339,8695,457,1.67,4.3,10570,16901
NEW KidPlayer,298,1.65,3.2,9355,14955,324,1.83,4,8011,14059
ArielMove,385,1.24,3.8,10032,11957,64,1.09,3.5,1817,1918
LumacY,732,2.68,10.3,7109,17102,694,2.56,8.4,8255,19376
あの谷次郎,22,1.01,1.9,1149,1139,176,1.52,4.5,3894,5669
MΑTTΥP,23,1.87,10.7,214,357,1927,3.25,18.1,10672,28382
sF Leyenda ツ TV,420,1.64,6,6944,10673,406,1.93,7.8,5217,9302
AgroJ YT,91,1.26,2.1,4249,5258,245,1.65,3.3,7343,11701
MsPoison_IvyTTV,48,1,0.8,6373,6344,63,0.78,1.6,3969,3042
Guru Guru Waton,17,1.2,1.8,926,1095,287,1.97,5.6,5129,9554
OMC Nuchos,47,0.85,1,4660,3918,186,1.01,3.2,5784,5679
glaner jo,11,1.66,0.8,1305,2146,4,1.12,2.1,189,207
Retruffox,175,2.09,3.8,4604,9273,545,2.4,6.1,8933,20143
Buros13,111,1.33,3.1,3630,4676,53,1.07,2.8,1923,1992
ᴹʳ.GLΘPEZ ᴳᵒᵈ シ,52,1.07,1.3,4158,4403,169,1.28,4.3,3970,4881
SOX_Eastpak,145,1.31,3.8,3795,4775,306,1.33,5.1,6001,7584
faria,280,3.05,7,4022,11415,440,3.17,11.7,3774,10554
JACK PALANCE,25,0.95,0.4,6009,5664,72,0.77,1.5,4938,3729
ZodeXӝ,357,1.79,3.1,11685,20234,331,1.72,4.1,8043,13244
Abduzido 999,818,3.38,8.3,9842,30534,681,3.74,12.2,5603,18384
Iluvhugs,339,1.52,3.9,8774,12858,473,1.72,5.3,8929,14570
ÄĊỆ,423,1.98,5.6,7532,14079,323,1.6,4.6,7043,10781
ApexMinato,234,1.64,3.4,6932,10953,554,1.96,6.3,8805,16206
xDerfelCadarn,263,0.9,1.2,22717,20182,43,2.38,11.4,376,794
CookiePeanuts20,1,0.51,1,100,50,620,1.32,4.6,13567,17075
Stanley._,174,1.42,1,17293,24389,183,1.45,2.6,7079,10000
Ethereum 10k,44,0.86,0.9,4970,4225,273,1.8,6.2,4424,7478
twitch_evermix19,76,0.71,1.5,5129,3611,211,1.59,4.4,4785,7251
Lowborn007,74,0.87,0.9,7796,6703,306,1.86,4.4,6885,12217
Bi TAX YT,54,1.03,1.6,3315,3367,172,1.09,2.4,7234,7716
breakdownlow,84,1.16,0.8,9991,11481,349,0.97,2.2,15824,15062
TTV Unlucky man,150,2.2,3.2,4670,9929,350,2.41,4.6,7562,17385
VARCH4R,63,2.33,6.2,1014,2213,552,1.73,7.3,7566,12156
GkingTV,11,1.43,1.3,855,1206,241,1.86,6.4,3772,6583
ilMos7ro,278,1.74,4.7,5903,9794,486,1.91,6.7,7220,12863
Кrush,293,1.56,1.2,25090,38780,367,1.51,2.9,12530,18334
xJeFiiN,517,2.96,15.8,3274,8159,1456,3.59,22.1,6580,18409
baby estefi,111,1.33,2.7,4094,5286,434,1.22,5.5,7924,9116
Cz - xSn0Wツ,40,1.33,2.2,1847,2401,101,1.63,3.1,3213,5066
Rub e pera,150,1.06,1.7,8698,9034,227,1.12,3.3,6866,7452
twitch_Janivi,142,1.09,1.8,7704,8236,163,1.21,3.4,4812,5646
عبسي1998,82,0.98,1.3,6540,6310,256,1.52,3,8615,12741
KING-HYPER.,60,1.09,3.5,1705,1788,781,1.97,9.3,8435,15055
PuzzleMagnet,2,0.47,0.5,438,204,172,0.85,2.6,6492,5351
A6usM,210,1.59,3.4,6121,9376,263,1.83,4.9,5389,9367
SRD_iRehzZツ,81,1.62,2.9,2786,4380,464,2.22,6.2,7487,15602
qкeu,102,1.61,4.2,2445,3781,464,2.09,7.1,6551,12750
Juicycrits,989,4.25,17.3,5719,20126,692,4.96,21.6,3205,12468
headz0tHD,344,1.51,2.1,16354,24247,138,1.82,2.7,5047,8929
pr1nznook,99,2.23,4.3,2314,4933,608,2.44,4.4,13669,31827
sиow OhSiNena.,256,1.48,7,3681,5060,541,1.99,7.6,7119,13064
MASSV3,255,0.9,1.1,24149,21403,1,1.03,1.5,66,67
Micro Temper,29,0.78,3.9,739,556,307,1.42,12.5,2464,3065
TTV-Mark_Jess,121,1.28,3.8,3214,3949,144,2.04,5.2,2782,5379
DasLooney,0,0.26,0,258,66,44,0.75,3.5,1263,917
NIGHT X ZERO,94,1.06,1.4,6542,6823,405,1.75,3.4,11909,20131
tizycribs,322,2.01,4,8113,15698,552,3.11,11.2,4949,13654
Zіd FEHU,585,2.87,4.5,13101,35897,1122,4.31,16.3,6876,24804
RAGNA-AU,1240,6.72,25.7,4822,24088,220,3.3,14.7,1499,4223
SHS Strix 75,247,2.06,2.3,10753,21608,384,2.67,7.8,4951,12194
DZeSports Karim,408,2.89,5.4,7597,20800,640,3.06,8.6,7431,20772
HS oTACHE,46,1.37,2.3,1997,2671,418,1.77,5.8,7196,12014
Twitch GoatyyF1,647,2.43,6.9,9368,21217,366,2.41,8.3,4398,9716
trips ackerman.,119,1.69,2.1,5765,9534,327,1.94,3.7,8951,16693
Mypkun,2,0.34,0.1,1551,523,5,0.7,3.4,149,101
IamDrunk.,197,1.39,3.4,5857,7854,237,1.74,6.7,3538,5749
Sologamer,1507,4.47,14,10788,41527,740,3.37,8.9,8286,25395
JhnSmallBerries,973,0.9,10.7,9087,7329,315,0.76,5.1,6166,4433
MIB MiSTiCzinhoღ,448,2.19,4.9,9160,19054,606,2.49,7.7,7853,18023
Yamasaki_,366,1.48,7.8,4693,6401,828,1.45,7.9,10453,13916
ParniValjak77977,280,1.11,2.4,11558,12493,102,0.81,3,3393,2681
Elrawdy,76,1.75,1.1,6942,11989,220,1.99,2.3,9773,19024
нadley вc,166,2.12,9.6,1722,3299,104,0.74,5.7,1840,1291
ƬᵉᵉƊᵃⁿᴳ,115,1.59,3.9,2914,4462,139,1.19,4.7,2957,3360
FAMEaKi TTV,116,1.8,2.9,3996,6987,731,2.25,5,14643,31308
ttv mario600gsrツ,131,1.02,2.8,4746,4689,201,1.51,4.2,4750,6858
ЯモDモΨモSBLモSSモD,91,0.83,1.4,6714,5476,314,0.96,3.5,8910,8268
ᵀʷᶦᵗᶜʰDannyTrips,13,0.98,1,1368,1332,107,1.24,2.2,4768,5793
IG Kamalo,376,2.54,7.2,5227,12312,469,2.86,9.4,4990,12952
шноisdeyvid,112,0.94,0.8,14309,13346,90,1.11,1.7,5242,5740
Rage907,24,1.26,2.3,1030,1271,224,1.71,5.8,3873,6233
UEC_GameMaster15,35,0.91,1.3,2701,2418,182,1.37,2.2,8341,11157
Raikku.,936,1.84,8.3,11295,19033,618,1.99,8.2,7498,13667
NeFs Stodul,196,2.37,2.7,7197,16600,453,2.82,5.7,7904,21024
Ꙅnakebali,375,1.66,4.1,9130,14513,422,2.01,7.6,5543,10298
J Infected HFWD,57,1.07,1.1,5279,5568,187,1.27,2.8,6771,8356
tbz92,109,1.83,9.3,1169,1944,684,2.1,9.4,7301,13889
SOUL KING Ϟ,80,1.36,2.6,3024,3991,355,2.29,5.9,5968,12835
1Royal Ridge TTV,20,0.63,2.5,789,488,165,0.73,4,4106,2890
AL Rabbit神,19,0.96,2,954,898,246,1.76,5.8,4257,7058
staralliance74,46,0.7,0.4,10291,7210,85,0.95,1.7,4863,4553
Riddle Maufin 7,777,5.6,14.5,5369,25731,454,5.53,15.8,2871,13377
fiftytwo66,234,0.86,1.2,20062,17055,16,1.13,1.6,995,1106
MariStiko TTV,63,1.25,1.8,3598,4410,206,1.4,4.8,4259,5694
Méalune,54,0.79,2.4,2263,1741,171,0.86,3.4,5056,4193
Stufdyamomma,283,2.2,6.5,4359,8956,399,2.2,5.7,6978,14466
zeemace,366,1.45,5.9,6233,8501,544,1.9,10,5462,9338
Montiso,156,1.44,3.1,5063,7072,241,1.52,2.9,8278,12232
Code SAFE,54,1.76,5.4,1008,1681,396,2.14,9.5,4151,8041
jеtеr,174,0.8,0.9,18600,14745,176,0.69,4.1,4262,2819
PsychTazeTV,180,1.43,1.1,16199,22986,138,1.56,2.9,4823,7321
Tabbassat,175,1.41,3.4,5199,7105,227,1.29,5.7,3963,4811
Twitch HeyimPal,18,0.96,1.1,1591,1511,256,1.7,5.2,4882,7847
code tvRoshi,47,1.17,1.2,3788,4384,175,1.56,3.8,4585,6899
NTNS NIKOLAS,4,0.74,0.4,1078,795,34,0.48,0.9,3921,1858
FatalBroccoli,185,0.81,4,4671,3612,228,1,4.9,4672,4452
TikTok Boombi4es,305,2.24,2.3,13359,29285,239,2.21,4.7,5076,10682
lućano 87,711,3.18,11.4,6224,17519,794,3.61,15.1,5268,16152
Old Man Haze,218,1.95,4.3,5110,9533,137,2.49,13.7,998,2144
ur mad 11,201,2.13,4.6,4392,8947,599,2.45,6.4,9342,21401
55easy,133,0.84,1.5,9095,7497,227,1.13,4.2,5430,5905
GL bykn,1171,4.49,15,7799,29730,958,5.69,30.8,3110,12246
FreshD. on YT,73,1.4,1.5,4741,6546,616,1.84,4.3,14354,25304
TTV EVO LilRed,13,0.62,0.3,4107,2555,264,0.72,2.9,9037,6350
Epsilon_Radamas,84,1.6,3.5,2403,3705,562,1.67,6.9,8152,12662
WЁS,148,1.54,3.4,4413,6553,178,1.54,3.7,4787,7089
モイスティマーマン,122,1.3,3.3,3730,4681,283,1.04,4,7089,7079
TTV FallxV2,1085,3.99,12.4,8718,30434,1027,3.58,11.2,9201,29292
Aspö-DIGGA,241,1.88,2.9,8370,15313,500,2.08,4.7,10547,20939
rikardopl,137,2.08,4.3,3172,6303,953,2.17,7,13678,27554
ΨּدڶــۃڦــﮪــﯣۃΨ,219,1.38,3.4,6348,8485,533,1.92,7.1,7542,13468
AngelBvibin.,75,1.29,0.6,11625,14897,184,1.59,2.2,8439,13116
Yaggїシ,79,1.04,1.2,6579,6769,232,1.18,3,7736,8880
Lyóko,46,0.9,1.6,2878,2555,602,2.15,9,6690,13091
lady_cookie_mor,8,0.61,2.5,319,189,165,0.75,4.1,3997,2875
Snykrr7,63,0.77,0.8,7610,5834,147,0.93,2.2,6540,5914
FB Lorindos,254,1.59,4.1,6261,9541,222,1.06,4,5617,5735
DoryanLepro,44,1.23,2.5,1729,2077,161,1.18,3.4,4755,5428
xingxiddenxngel,103,1.5,2.9,3565,5194,247,1.59,3.8,6585,10080
IMMORTALOFDEATH,6,1.04,1.6,378,388,14,0.84,1,1424,1180
ZP_Cris 144Hz,582,1.91,6.7,8684,15457,861,2,10.1,8507,15312
Ac てぃあのすけ 鮭,238,2.01,3.8,6320,12219,358,2.33,8,4501,9671
YT_BadKarmaGR.,1350,3.32,10.8,12487,37015,1036,3.64,14.2,7272,22728
Chlander.,30,1.04,1,2943,3020,230,1.22,2.5,9071,10751
Colonel_Calico,36,0.84,1.5,2349,1945,141,1.32,3,4685,5992
ONYX AZZE-,508,3.8,9.5,5365,18449,1021,4.06,13.5,7555,26500
00LaPlume,5,0.63,0.7,722,455,84,0.83,2.6,3215,2608
aDamn_mf,188,1.77,3.6,5180,8825,507,2.51,9.1,5566,12707
Castaway Ball,202,2.8,14.6,1386,3316,910,3.2,12.2,7471,21009
MFZIG,108,2.26,2.6,4192,9245,583,3.18,6.5,8993,26777
Ergyt,1477,2.88,12.1,12241,30975,481,2.69,12,4019,9524
Procoro,80,1.97,4.9,1619,3034,621,2.1,9.7,6432,12206
HolyMoses75,138,1.19,0.7,19162,22671,28,1.01,1.5,1894,1884
MrMasterWong.ttv,67,1.39,1.4,4628,6337,215,1.79,5,4302,7309
BLEIKRAY,11,0.94,0.6,1936,1801,386,1.16,3.1,12276,13771
DJOKATRON 1g,385,2.22,4.5,8623,18307,421,2.9,7.7,5462,14631
FaZe Funk,1568,5.58,18.8,8362,37893,1351,5.17,21.5,6272,25433
iKee_.,684,2.77,6.9,9872,25463,817,3.1,10.5,7760,21551
ᴹᶠᴳ Nannya,7,0.58,1.3,525,301,172,0.97,7.3,2365,2120
ESMEGMATRASERO,128,1.41,3.8,3391,4614,212,1.99,5.3,4024,7581
Stixxu,101,1.11,3,3401,3655,344,1.34,2.5,13501,17622
Ashbørn,1444,4.82,18.6,7766,30494,610,3.37,10.4,5869,17733
MCES Andilex,710,4.05,10.9,6526,23560,873,4.66,14.4,6060,24153
kita ℭ,47,1.34,1.9,2444,3212,324,1.67,5,6434,10182
leezy36,127,1.47,4.4,2910,4078,790,1.75,11.3,6967,10820
ivanhorustwitch,99,1.4,2.1,4769,6553,247,2.12,4,6182,12577
Caslato,292,2.12,2.4,11995,24822,199,2.3,4,4917,10853
ƒx Impulse,365,2.42,6,6067,13819,531,2.66,7.4,7129,17531
Epsilon_killerYT,86,1.24,2.8,3123,3756,582,2.06,6.8,8531,16405
1337gage,556,4.29,12.4,4495,16907,915,4.65,16.3,5603,21810
rustyachelfg ӝ,636,3.95,8.8,7239,26065,1088,4.88,17,6387,25834
Twitch Elbotv,36,0.78,0.4,8021,6253,89,0.97,1.2,7150,6838
Straight to bed,105,2.11,3.7,2868,5830,181,2,4.4,4070,7769
Hachiko.31,176,0.67,2.5,7165,4698,447,1.07,6.2,7236,7249
SprizuhTTV,625,3.4,12,5218,15601,702,3.46,15.1,4653,13689
ℱhyzMyDudeᵀᵀⱽ,156,1.13,2.9,5332,5851,339,1.43,5.4,6290,8532
Hiếu Nà Ní,99,0.79,0.9,11071,8684,63,1.04,2.7,2345,2380
T-Roy Jenk1ns,16,1.03,1.1,1518,1554,79,1.04,2.3,3406,3457
saD EZΞ,233,1.15,2.5,9445,10639,288,1.57,4.5,6424,9616
ᵛᶰシX.THÀNH,58,1.87,5.7,1017,1797,470,2.44,7.7,6141,13826
Chelseas Simp,298,2.93,8.1,3659,9845,577,3.14,8.9,6459,18456
ApplesToApples,201,2.57,10.4,1937,4465,197,3.01,13.6,1452,3779
ehPom,401,3.28,7.5,5330,16174,527,3.88,11.1,4751,16370
WF Einstein,241,1.99,4.7,5119,9686,314,2.16,5.8,5452,11122
Grrr Sadness,53,1.58,3.9,1362,2068,387,1.5,6.9,5570,7768
TaCi drecu,20,0.74,1,1996,1472,164,1,2.1,7919,7722
FBSilentRenegade,467,3.38,13.3,3501,10258,1005,3.17,15.1,6639,17886
rehx cr,540,5.3,16.5,3267,14442,508,4.92,18.4,2763,11101
LesterInc,383,1.89,3,12977,23859,343,1.85,5.4,6333,11097
The Wagon.,48,1.03,1,4757,4865,105,1.13,1.6,6472,7187
丂爪OT卩0Ҝ乇尺,181,1.45,2,8990,12731,209,1.17,1.6,13391,15470
Twitch Lubester,330,2.59,5.9,5552,13512,475,2.73,7.5,6304,15891
Twitch Flubur,56,1.92,1.7,3275,6177,108,1.95,2.8,3922,7451
antoba3,345,1.78,8,4314,7055,447,2,7.1,6316,11736
noβiτα51,273,1.43,2.7,9983,13863,3,0.87,1.5,194,167
snowrid3r.,222,1.02,1.8,12164,12124,27,0.83,1.6,1666,1357
Gladiator 父,289,2.67,6.4,4535,11316,433,2.95,7.9,5451,14813
Zain_dxbTV,13,1.6,3.1,421,651,368,2.04,7.2,5130,9706
Mr.Jaxxx,259,2.2,4.7,5456,11410,497,2.89,7.7,6422,17094
ZumbaBRO,12,1.22,3.7,324,380,44,0.89,3.1,1401,1202
GAMES GEEK YT,293,1.67,3.9,7549,12139,265,1.68,4.6,5710,9147
Brandtmanǃ,497,2.05,7.5,6668,12648,638,1.96,9.2,6935,12371
Twitch DjokeiRRӝ,112,1.26,0.7,15216,18986,113,1.3,1.6,7029,8964
Alley_Katz,26,1.76,3.5,737,1249,264,1.24,5.6,4738,5548
ThicccccccccTaco,35,1.29,1.4,2463,3128,208,1.69,4.2,5006,8096
LokaPower,126,1.7,5.2,2421,3897,248,1.76,5.8,4249,7033
دايخ ب زمن بايخ,58,1.53,3,1920,2840,495,2.42,6.5,7622,17221
TWITCH brehhskii,204,2.12,2.9,7025,14441,206,2.35,3.8,5474,12389
Jendawy,623,2.45,7.2,8690,19774,866,3.06,10.8,8014,21882
Lacyboy21,26,1.09,1.6,1672,1786,42,1.13,2.4,1781,1959
tna ops scam me,556,2.6,5.5,10171,24962,396,2.55,6.7,5930,14113
Sidth ϟ,108,2.06,3.2,3343,6677,185,2.42,6,3093,7026
TBLACK_MaStEr,91,1.07,0.8,10777,11384,86,1.12,1.8,4843,5314
Spl_akaperejil,79,1.42,1.1,7211,10115,315,2.04,3.9,8137,15965
RD_ShadowWarrior,152,1.36,5.4,2812,3623,288,1.55,6.1,4715,6883
Labouviette,239,1.32,2.4,10076,12947,310,1.44,3.8,8160,11295
Logan OG ツ Ψ,506,1.35,3.8,13272,17239,307,1.78,7.9,3909,6408
itsSakr,85,1.47,2.8,2990,4284,234,1.94,6.1,3853,7024
ꙮKυʂԋKιʂʂҽʂꙮ,12,1.09,1.4,830,895,334,1.86,6.9,4831,8363
Twitch Sreys,434,3.26,8.2,5302,15886,1590,3.44,12.8,12382,37176
JimB0N_,228,1.33,3,7583,9752,377,1.73,5.4,7028,11533
eRa kingguii,128,1.11,1.1,11511,12611,62,1.29,2,3114,3952
BABA ON TROVO,54,0.97,0.6,9718,9394,100,1.32,1.8,5691,7398
mastrchickn,179,1.79,6,2965,4976,730,3.03,12.3,5946,15820
BAKUNC,202,1.14,1.9,10548,11806,211,1.17,2.3,9100,10373
feArless AbuMosa,99,1.52,2.2,4477,6647,207,1.61,3.9,5319,8218
LOV_GANICUS,670,2.17,8.6,7767,15410,290,2.1,10.7,2702,5068
IZUM0X,75,2.08,5,1487,2931,383,3.35,11.1,3442,10254
Ragnarok.mbk,1006,4.98,11.9,8434,36993,645,5.45,15.7,4117,18934
fredrickzoller01,251,3.04,9.1,2773,7668,551,3.4,9,6093,18840
シ Tripple シ,537,2.13,7.3,7342,14494,1138,2.28,10.3,11044,22595
Mr.Titąn,253,2.29,4.3,5915,12942,186,2.5,5.8,3218,7572
Juli_ARG,955,2.16,5.7,16620,33832,39,1.26,1.4,2809,3495
ttv. Au_ThatHurt,161,2.11,6.8,2383,4689,315,1.93,8.3,3811,6731
Twitch Jayyyurr,119,1.94,4.1,2912,5406,204,2.07,3.8,5420,10781
ΚΙΚΙ.,88,1.52,1.9,4641,6928,477,2.33,6.7,7113,15449
imBackhou,510,3.28,12.1,4226,12196,794,4.12,16.5,4800,16516
ṨHADOWッ,26,0.87,1.3,1978,1699,183,1.49,4.2,4325,6155
SRN MiST,841,2.09,8.6,9748,18575,642,2.31,9.3,6917,14509
cleyton11 TTV,228,1.65,4.8,4796,7557,363,2.1,5.5,6572,13059
R4Doc,505,1.71,5.7,8817,14187,122,1.85,4.2,2931,5190
Ttv Don_Ivory,22,1.46,2.4,918,1305,294,1.9,5.6,5235,9400
KenMcCullough TV,33,0.67,0.8,4368,2890,160,1.08,3.7,4272,4461
KFC_Z4-77,87,1.14,0.8,10752,12169,103,1.35,3.6,2889,3749
Lil Ahiahi.,985,3.05,20.6,4773,11540,436,2.24,9.3,4682,9506
Yg M1nw3r 7,206,2,1.7,11835,23209,263,2.34,4.6,5743,12812
Bro it is me,92,0.75,1.2,7853,5819,139,0.79,2.8,5015,3845
Nabbo43ver,58,0.98,1.8,3229,3120,48,1.09,3,1575,1657
greenbeanmatt,190,1.83,2.5,7452,13324,348,1.72,6.5,5392,8699
Massacre_all,122,1.27,1.7,7064,8782,114,1.16,1.5,7404,8443
User-f89b7b9029,171,1.77,1.6,10776,18790,260,2.05,2.8,9150,18235
Im Zando,545,2.45,3.9,14119,33302,523,2.89,9.4,5543,14519
RexKarni,328,2.08,3.9,8480,16974,204,2.37,5.6,3629,8101
Aztack,176,1.38,4.1,4306,5682,511,1.68,6.3,8090,12728
miLk_33,39,1.14,1.7,2256,2522,193,1.3,4.2,4598,5724
Juliana x,28,1.02,1.3,2158,2171,303,1.39,6.3,4833,6316
etcher.,332,1.04,4.3,7705,7646,201,0.88,4.9,4106,3441
skodx,77,1.52,1.2,6213,9312,267,1.74,2.5,10593,17957
90 PING NOOBY,348,1.8,8.1,4311,7124,336,2.09,8.2,4116,7919
OG Orio,17,1.57,2.6,651,994,317,2.19,5.7,5555,11466
JohannSilber,279,0.76,2.6,10774,7940,127,0.86,5.3,2409,1959
Focusᴿᵉʸˡⁱ ӝ,126,1.43,1.5,8526,12010,155,1.7,2.3,6646,11050
xkom AGO Kettle,254,2.81,3.7,6929,18781,328,3.27,4.6,7079,22062
synzao,1396,5.04,15.4,9081,38746,498,4.89,12.1,4130,17761
TTVGrazyna123,46,1.6,2.6,1803,2803,339,1.94,5.4,6315,11580
Wαsαbι,1385,2.34,11.5,12045,24915,508,2.35,13.5,3772,7677
Notorious Lo,5,0.69,1.7,296,200,124,0.81,4.1,3020,2333
Waliza B3zli,125,1.64,2.3,5331,8558,300,2.17,4.3,6940,14407
TTv Rainboww420,492,2.01,7,7077,13232,839,2.14,13.3,6318,11720
petar1582008,656,0.9,5.9,11037,9332,16,0.68,3.1,517,342
Cazy Fox,88,1.28,2.1,4195,5239,701,1.65,8.5,8201,12381
I_TheDarkSide,549,1.15,3,18289,20465,134,1.21,3.3,4089,4791
WoJtAzInKa.,460,2.14,3.3,13910,28760,388,2.27,4.8,8163,17639
arc0se ttv,233,3.14,10.3,2254,6354,640,3.72,15.3,4181,13167
Oblivion Smasher,11,0.39,0.2,4871,1874,5,0.84,0.8,634,529
Normich,20,1.28,2.8,708,880,109,1.85,4.7,2330,4110
MR_KOKO_UAE,89,1.85,2.8,3172,5690,280,2.34,5.9,4740,10449
Die Weißen,278,1.31,2.4,11486,14643,373,2.66,7.4,5049,12418
PSYCHO Maestro7,233,2.49,2.3,10234,24890,219,2.87,5.2,4197,11421
FB Sketchy,469,1.81,10.2,4615,7485,469,2.49,12.1,3889,8527
PiNoCh82,1057,1.7,11,9581,14497,261,2.09,10.1,2597,4891
Shayustv,611,3.93,12.3,4955,17068,622,4.1,14.5,4295,15058
JayRᵀⱽ,50,1.87,3,1674,3031,224,2.81,8.7,2573,6602
FB JusticeRolls,124,1.29,2.2,5683,7194,198,1.58,4.7,4236,6366
Drolby Crypto,1486,3.84,12.9,11497,38468,345,3.23,12,2867,8154
SAQR Souriаnо,624,3.65,10.1,6197,20364,552,3.41,11.2,4939,14966
Quartzy ӝ,179,1.39,1.3,13577,18628,148,1.3,1.9,7868,10001
ToXic_Creiven,144,1.4,2.2,6468,8849,370,2.3,6,6125,13223
Aykut MT,18,1.43,2,912,1282,62,1.61,2.4,2594,4088
CapiTanSalchich4,180,1.02,1.3,13689,13736,55,1.55,3.6,1524,2270
W.Y.D.D,329,3.19,7.7,4254,12511,219,2.8,7.7,2862,7391
WsaMZ,66,1.63,2.8,2398,3793,250,2.06,6.1,4098,7943
el bot L4r0us.,390,2.14,5.1,7666,15605,533,2.33,6.7,7977,17356
Ninja,2234,9.21,29.7,7511,48620,2724,8.98,36.2,7522,43089
おいちゃんくん,225,2.48,5.6,4016,9387,70,3.1,10.2,688,1918
やんキーくん,82,2.2,5.4,1509,3146,315,2.69,8.3,3791,9360
Guizola tcheco,141,1.92,1.7,8337,15767,273,2.28,3.5,7890,17374
SK Perikan,273,1.09,2.9,9470,10024,77,0.86,2,3797,3198
ᴅʜᴋ,364,2.8,12.8,2852,6967,566,2.66,10.5,5376,12801
Eskosr,723,6.96,32.5,2224,10445,852,4.97,30.5,2793,9641
kuchilo,138,1.45,3,4656,6568,375,1.61,5.1,7304,11153
Atom Onslaught,129,0.97,1.8,7265,6931,241,1.16,2.7,8846,9972
yogartFart,965,4.29,13.5,7128,26420,1099,5.29,16.8,6524,28689
AlbertPGames,122,0.96,2.9,4186,3899,322,1.33,5.1,6295,7936
SuchA_FabrUwU,127,1.55,3.1,4080,6122,316,2.46,8,3972,8994
ɛɗuzɛx pɑgѳɗɛiʀѳ,83,1.48,1.2,6649,9714,167,1.47,2.3,7418,10663
Barney ઽєʋ ⓐⓜⓘⓖⓞ,60,0.85,0.5,11975,10130,161,0.88,1.4,11460,9960
Dv1 Cichy6,183,1.19,2.8,6578,7590,411,1.66,4.2,9679,15375
DinD0ni,17,0.95,1.2,1431,1344,646,1.56,10.6,6081,8488
GodFire 40fps,238,1.46,4.9,4899,6811,738,1.37,8.2,9030,11397
ChefShabbа,412,2.74,5.3,7803,20219,384,2.98,6.9,5603,15558
Mende.Z,126,1.41,1.6,7766,10739,343,1.49,4.8,7192,10191
bonlad,366,2.66,8.9,4112,9946,618,2.6,9,6871,16256
Twitch igzufn,134,1,1.1,11746,11643,187,1.25,2.6,7252,8818
Mason3FN,192,1.6,2.3,8365,13102,260,1.87,4.9,5319,9477
shein 32,740,1.67,7.2,10308,15966,439,1.79,8.3,5278,8686
IamThedd,161,0.86,1,15922,13583,138,0.92,1.6,8380,7601
Tomahok21,117,1.13,1.5,7848,8712,236,1.29,2.6,9039,11397
JAY REMMY,365,2.81,8.2,4445,11477,636,3.43,11,5756,17576
SAd NtinakiDim,82,1.09,2.9,2797,2960,367,1.19,3.3,10988,12634
Junglah,466,3.22,9.5,4931,14363,541,3.26,12.7,4270,12171
WarriorPixie,12,0.67,0.7,1807,1210,116,0.76,2.7,4224,3126
THC_LokoBCN,126,1.05,2,6380,6575,316,1.49,5.9,5399,7592
Pandore Red,232,1.8,4.9,4745,8110,287,2.01,6,4795,9080
HIƎI,105,0.86,1.5,7142,6067,205,1.38,3.6,5759,7680
Soy 4Bayte,180,2.18,4.8,3733,7749,485,2.35,5.7,8450,18690
Skilryl,91,1.29,0.7,12245,15638,186,1.43,1.7,10735,15079
Papa Schultzz,270,1.44,6.5,4143,5588,298,1.13,8.5,3505,3627
KindaMicko,105,1.54,1.7,6209,9388,68,1.65,3.1,2229,3570
Jakk3dd,213,3.2,10.1,2101,6036,540,3.33,11.2,4809,14215
HERES VANDAL,208,2.02,6.9,3005,5643,275,2.28,8.3,3330,6979
LOKO2g,88,2.27,4.7,1859,4018,809,2.86,8.3,9787,25659
TiltedXanax,285,0.91,2.2,13142,11646,142,0.72,2.6,5390,3776
LTS DrN,213,1.41,1.9,11199,15470,202,1.75,4,5081,8528
gυsтıη,93,1.38,1.8,5255,7119,351,1.88,3.9,9086,16414
Fr0s7-G,234,1.24,7.2,3258,3761,550,1.35,6.7,8236,10409
DJJCAP,131,1.19,2.3,5803,6765,115,1.14,2.6,4384,4859
ᴰᴱᴹᴼᴺᴰˢ Heritas.,131,1.09,1.4,9553,10258,140,1.26,2.6,5442,6704
Le Vétéran,49,1.07,1.2,3950,4188,67,1.25,3.8,1765,2116
Mctr 31,200,2.27,4.8,4200,9095,395,2.75,8.5,4631,11659
Kerneyh,127,1.76,3.3,3817,6502,294,2.33,4.8,6064,13421
Cleхi,106,0.79,1.7,6239,4839,253,1.02,2.7,9360,9260
Elba_zurita28,34,0.68,0.8,4009,2704,52,0.88,1.8,2855,2472
R4W BILAL,96,1.07,2.5,3802,3974,373,1.38,5.2,7121,9330
SATIS TheFeloz ϟ,429,3.23,8.7,4950,14589,539,3.83,12.2,4431,14922
SaltyTV.,64,2.23,4.7,1348,2869,723,2.7,9.7,7481,18216
Albraiik,1030,4.11,11.4,9003,32732,950,4.69,15.1,6296,25047
VwolfHD,747,3,7.8,9540,26401,610,3.09,8.2,7446,21133
ProStraTsS,278,1.59,6.7,4122,6118,588,1.61,6.1,9583,14510
iDrop .,369,3,7.4,4992,13889,496,3.37,9.6,5183,15790
iAventado,578,2.47,8.4,6848,15474,350,2.48,10.9,3205,7069
ずっきーいずごっど,374,5.46,22.7,1645,6944,564,4.54,24.9,2268,7744
Sabi .,205,0.98,1.2,17261,16694,136,1.46,2.5,5451,7770
Zero Kash,49,1.49,1.7,2929,4282,62,1.67,2.8,2225,3621
Chickuh,1,0.41,0.4,233,96,21,0.57,2.7,784,433
iTs Yanis-YT,85,1.16,1,8521,9819,176,1.44,2.5,6977,9767
OOGYFISHY,191,0.96,1.8,10593,9969,368,1.23,5.2,7129,8312
LP toothpiqk,218,2.76,8.5,2567,6490,452,3.6,16.1,2802,8452
Tiger_Sniper7,23,1.1,4.9,472,495,643,1.23,9.7,6603,7315
NightOwlLuna,0,0.26,0,106,28,21,0.69,3.4,624,417
974RoyalTTHIASMA,95,1.8,1,9695,17256,258,2.05,2.7,9711,19346
100T MrSalsiccia,209,1.47,2.2,9355,13468,422,2.1,4.7,9065,18179
TwitchGipsy_loko,58,0.91,0.9,6420,5804,148,1.18,2.4,6112,7048
Watary-DtoXx,67,0.71,3,2238,1537,265,1.07,6.6,4003,4001
CONANIZED,55,1.24,2.8,1948,2340,162,1.35,6.5,2480,3122
Patron.Raf.420,796,2.22,8.7,9132,18506,331,2.25,8.9,3739,7660
Nhel Dormilonzzz,242,2.23,4,6010,12886,326,2.43,7.4,4423,9957
GW_Lettuce,249,4.59,18.8,1327,4947,731,6.04,25.5,2869,12921
Daddy Skipps,2,0.26,1.4,141,36,119,1.14,4.7,2518,2743
Denkerh,109,2.03,1.7,6428,12851,251,2.35,4.3,5856,13179
MDF_LaRKiN,47,0.91,1.5,3148,2825,414,1.23,5,8324,9696
lamprosokiller,80,0.52,4,1977,982,295,0.73,9.4,3140,2064
Beznickos -_-,681,2.88,6.6,10261,27615,614,3.1,10.1,6079,16956
Jo zo,78,2.09,2.8,2760,5603,652,3.05,9.3,7036,19491
Twitch Ovotz,616,3.4,8.1,7610,23789,520,3.63,10.8,4803,15560
ZealousPumpkinTV,46,1.48,2.8,1637,2354,177,1.65,4.5,3944,6212
KPI Swapz,587,2.85,6.4,9112,24260,570,2.8,7.7,7362,18997
REBEL ARMY CINC,4,0.43,0.5,800,341,76,0.86,2.6,2895,2436
Y_modab_A,16,0.99,4.3,371,350,320,1.36,3.1,10421,13722
ᴢᴇʙʀᴀ.,110,1.34,1.7,6350,8353,191,1.42,3.7,5120,7007
Tkツ,194,1.51,2.3,8486,12490,388,1.3,6.4,6104,7436
Rey de Oriente,222,2.14,4.8,4640,9465,356,2.4,6.3,5661,12716
Antw8n,581,1.49,4.1,14196,20289,8,0.48,2.5,320,150
Kaoony 父,477,2.21,3.9,12296,26064,237,2.47,7.4,3195,7319
DerECHTE_045,243,1.16,1.1,22314,25553,45,0.99,1.2,3779,3698
NRG NoMercys-,17,0.63,0.8,2108,1321,489,1.25,3.1,15555,18785
Crutch Lips,62,1,1.8,3464,3413,197,1.09,4.5,4394,4592
MANOLITO_CHILE,126,1.38,3,4150,5559,492,2.55,8.9,5559,12937
DuffedGlizzy69,72,1,1.3,5725,5651,339,0.68,1.8,18708,12536
кeybОard,265,1.58,2.1,12894,19919,243,1.89,3.2,7657,14020
Mel1К3,200,1.5,2.2,8907,13025,263,1.64,3.7,7058,11122
ᵀʷᶦᵗᶜʰ AlexayFTN,50,2.1,3.8,1326,2683,561,3.82,11.2,4990,16912
woow.919,138,3.15,14.2,969,2621,752,2.73,13.8,5436,12770
DaiWynn,765,2.01,6.9,11139,20871,407,1.86,8.5,4779,8120
BENJYYTHEDEMON,1986,3.51,14,14139,42701,1037,3.94,18.2,5704,18368
APOIE theeusftn,203,1.95,2.6,7855,14945,388,2.17,6.8,5705,11545
Λ Fighter Λ,9,1.06,1.1,840,883,63,1.02,2.7,2315,2294
ImInTheJungle,488,2.47,8.1,6031,13676,795,2.77,9.4,8485,21316
Geri.-,1152,5.14,25.8,4471,17065,2364,4.85,23.6,10008,37111
windinhishair,44,1.55,4.2,1039,1540,376,2.45,8.2,4580,10293
Twitch YkzTofu,128,1.93,2.1,6193,11700,235,2.17,3.2,7255,15227
HueyIFreeman,507,1.69,3,17095,28102,77,1.43,2.6,2953,4116
VRTX Tekmarr,559,3.87,7,7983,28701,561,4.35,9.5,5912,23276
Ƶ Ø M Ƀ Ɨ Ɨ 67,4,1.28,1.5,260,328,316,2.08,8.3,3795,7251
USE CODE -IQG7,35,0.88,0.3,11746,10311,82,1.14,2.2,3710,4139
SchatachlKill,361,1.6,4.3,8302,12679,735,1.91,9.6,7627,13190
BL SliX,503,2.86,6.4,7918,21230,907,3.43,10.9,8329,25468
ooシシoo,498,2.27,8.1,6176,12886,528,2.8,12.1,4353,10710
DGusta96,294,2.61,5.6,5211,12839,613,3.16,9.9,6200,17645
ZeZ_Chimpanezz,251,2.87,11.4,2195,5574,1384,3.42,21.2,6540,17652
PlasticDreamssTV,171,1.64,4.1,4159,6527,376,1.78,5.2,7228,12167
Twitch Chica_Tw,42,1.49,1.1,3843,5678,209,1.85,3.5,6031,10765
ePandas Setunia,71,0.84,1.3,5579,4614,207,0.96,2.8,7440,6966
TD xKumu,458,3.29,9.2,4994,14940,964,3.18,11.2,8574,24234
Ψ king,80,1.15,1.6,4918,5554,117,1.52,3.1,3832,5637
Рlunger,123,1.9,2.3,5240,9734,434,2.21,5.5,7942,16605
DommyLlamaTTV,100,0.88,0.9,10726,9330,72,1.06,2,3635,3793
KZR Kevzter.,417,3.27,6.5,6379,19501,656,3.84,12.4,5275,17749
S.P.D Emergency,41,0.88,1.6,2490,2147,497,0.97,6.6,7534,6849
GW_Kurara,677,3.72,11.8,5746,18860,441,3.06,12.1,3639,9796
Sleptt,27,1.41,2,1352,1873,105,1.72,3.4,3085,5124
nоsh ӝ,76,2.06,4.3,1764,3476,617,2.88,11.5,5348,13612
Lewk.,476,2.97,6.2,7643,21320,727,2.86,8.5,8530,22330
Z DarkSide,163,1.61,3.8,4308,6658,503,1.72,5.4,9399,15312
Martyška,227,1,0.9,25343,25194,145,1.38,3.4,4255,5654
DonHyena,84,1.63,8,1054,1582,364,1.85,9.9,3685,6155
Mr Simba847,161,1.52,3.2,5009,7384,379,1.7,4.4,8600,14012
CH1LLMON,116,1.63,1.9,6124,9795,253,2.11,5.1,4950,9934
TTV.SkellySkillz,40,2.1,3.5,1128,2281,286,2.56,7.1,4008,9528
AdLeR ж,157,1.58,2.5,6398,9866,392,1.82,4.9,8014,13857
Santigold-,38,1.25,2.5,1518,1848,324,1.93,5.2,6241,11441
Donsuki,51,1.45,1.8,2768,3943,305,1.67,5.5,5525,8740
Рrеdator,533,3.08,9.6,5551,15463,810,3.53,12.7,6379,19640
Codek8 Twitch,662,2.48,9.4,7040,15843,250,1.75,3.5,7195,12154
Flyvende Poteter,236,2.1,4.9,4789,9561,671,2.51,6.6,10230,24021
404 ɛʀʀʀօʀ,158,1.37,2.8,5650,7550,387,1.36,3.6,10821,14182
MastaSel,86,1.78,3.5,2451,4202,674,2.69,10.5,6399,15394
WMC_BORO-FRBAMBI,110,0.91,2.5,4391,3885,245,1.08,3.4,7129,7454
Fredator_,29,0.98,1.9,1518,1452,260,1.21,3.6,7314,8536
Kronxs.,146,2.12,3.8,3888,7932,334,2.67,7.5,4436,10949
Twitch Princeps,256,2.64,12.1,2109,4888,808,3.31,16.5,4896,13520
Sky-Pizza,174,1.27,2,8812,10953,421,2.08,5.2,8020,15819
O B L I O,96,0.69,2.1,4522,3055,362,0.88,5.8,6258,5205
WAVE Seiyo,202,1.08,1.7,11786,12546,54,1.2,3,1788,2077
Casual Avi,487,3.27,16,3038,8350,248,1.8,8.5,2928,4837
RajmaaChawal,242,1.92,4.5,5332,9798,507,1.74,5.6,8994,14803
Royal 山,82,1,0.4,22157,22083,110,1.14,1.4,7728,8700
ITZZZ SHOHAM,51,0.99,0.6,8423,8250,125,1.22,1.1,11564,13958
it lovely kalil,218,0.85,1.8,12107,10051,204,1.28,4.1,4960,6109
はぴはむ_ぱぱ,353,4.27,16.8,2099,7460,471,4.18,16.2,2914,10203
Apulze,155,2.94,9.1,1695,4534,874,3.68,17.3,5039,15334
リロードくん,126,1.97,5.7,2223,4129,408,2.1,11,3712,6925
The. Assassin,430,2.43,4.7,9122,21115,578,3.05,8.1,7168,20076
Twitch LeDémon51,99,0.73,2.9,3367,2398,192,1.09,4.2,4597,4800
Kyrhox_iwnl,177,0.77,0.6,28798,22086,73,0.86,2.1,3450,2920
TMK_WheresWaldo,183,1.17,2.6,7009,7989,319,1.72,6.1,5188,8371
SayKamstar,395,1.65,5.1,7811,12257,542,1.9,6.1,8951,15967
Scoooter67,266,0.86,4.2,6353,5255,245,0.77,6.9,3556,2535
Owiipski,101,0.91,1.8,5752,5150,136,1.02,2.4,5667,5638
Vertex duszekk,430,2.01,4.5,9637,18533,619,2.29,7.4,8385,17768
wildcat user,129,1.77,1.9,6913,12012,226,1.97,2.8,8099,15478
TheDoobieDude,17,1.8,3.4,495,862,215,1.75,5.3,4065,6720
DR 404,351,1.87,3.6,9851,17777,773,2.14,9.4,8199,15889
ᵀʷᶦᵗᶜʰ Bala_Seca,52,1.5,2.1,2490,3658,194,2.16,5.4,3620,7408
Macman on Switch,39,1.15,4.2,924,1016,767,1.78,8.8,8762,14267
kaito 0109,208,1.04,4.2,4937,4940,165,1.41,5.2,3180,4250
ShockΖ,58,2.58,4.2,1370,3379,663,2.34,4.2,15824,35419
ItsMichaelaa,5,0.55,0.5,1068,582,376,0.74,2.7,13977,10119
Brasco en scred,93,1.03,2.8,3344,3338,200,1.29,4.9,4097,5013
Shahonti,28,1.11,8.8,320,325,368,1.3,6.4,5750,7006
Higs .,297,2.1,3.5,8488,17164,210,2.13,5.4,3920,7915
Roarrz,378,2.55,6.3,5984,14273,839,2.73,10,8403,20678
DknMR,36,0.73,0.6,6121,4451,29,0.86,0.8,3567,3026
Alehandro nespit,255,1.72,2.3,11046,18607,332,1.84,3.7,8909,15742
cr4zy_lucky,142,0.88,2.9,4948,4238,298,1.44,7.2,4157,5549
Anónimo tu vieja,58,1.41,1.6,3644,5056,196,1.66,3.3,6026,9657
DEMONNNN Jimm1x.,115,1.14,2.8,4116,4544,529,1.79,5.9,9013,15184
ASD ψ,97,1.66,1.4,6863,11234,172,2.17,3,5813,12246
Groot 69,331,1.36,2,16309,21716,299,1.38,2.3,13126,17711
St3vsム,376,1.1,3.2,11625,12408,593,2.64,11.1,5320,12461
Avgu57in,115,1.94,2.8,4045,7612,131,1.94,3.6,3597,6732
Vivoronte,152,1.34,3.3,4672,6039,363,1.54,6.6,5516,7939
f1ek4r,298,1.99,4.5,6650,12667,790,2.68,8.5,9312,22813
Luis_ ay лол,158,1.04,1.2,13111,13487,165,1.09,1.6,10436,11168
ＫＯ ＡＢＯ ＴＩＭ,29,1.01,0.7,3902,3896,62,0.99,1.9,3284,3189
Rekt loves Elo,644,3.5,13.8,4654,14018,868,3.48,13.3,6531,19683
TTV_wkCosmos,44,0.97,1.5,2974,2847,188,1.25,2.7,6842,8321
Renarsz,276,1.82,2,13553,24186,214,2.44,5.9,3655,8407
Lei Ya,38,0.86,2.8,1365,1143,559,2.8,15.1,3708,8820
TTV KTSLlama,317,1.21,1.6,20109,23950,225,1.61,5,4545,6961
amce big boss,263,0.84,1.9,14032,11562,162,1.14,3.2,5077,5616
N o b r u,155,1.37,3.2,4800,6342,303,1.57,4.7,6379,9512
янг savage,118,1.27,1.2,9649,12085,167,1.11,1.8,9030,9810
FB RobertoLNG,761,2.81,8.4,9063,23295,598,2.8,12.3,4865,11945
ジOh Yeah Uhh,23,0.61,0.7,3293,2007,132,0.75,3,4397,3193
Der-Unwendige,25,1.72,2.7,931,1555,239,2.75,8.7,2757,6934
PG MASSUGODHH,186,2.1,4.1,4517,9093,529,2.41,7.4,7119,15879
Twitch picaza,289,2.13,2.7,10570,21848,199,2.37,3.2,6170,14146
1iAmANiNja1,7,1.27,1,684,863,4,0.86,1,414,353
bz uchiha obito,208,1.61,2,10235,16142,220,1.89,3.4,6475,11800
ASSA6644,20,1.23,1.3,1561,1891,221,1.7,4.3,5164,8403
PackUrBagz TTV,419,2.6,6.5,6430,15606,565,3.17,11.2,5030,14145
Obie2x on twitch,144,1.4,1.7,8241,11364,256,1.54,3.5,7340,10917
Thorp sama,179,2.71,11,1633,3946,2067,3.42,24.2,8552,22151
FlowerPower44291,89,2.45,6.9,1298,2961,149,2.46,7.8,1918,4344
Y0KID,595,3.01,7.2,8318,23273,831,3.69,11.6,7136,23277
iroken22,14,1.18,4.2,332,375,340,4.09,17,1996,6767
GWAtv Zum,134,1.35,3.1,4312,5654,235,1.4,3.5,6649,9009
byangel-,772,1.64,6,12828,19759,750,2,8.2,9167,16792
ꓘush,12,1.32,1.5,800,1037,96,1.26,1.6,6042,7473
Mr. Mxrceloツ,475,1.96,4.3,10937,20496,358,2.07,5.5,6555,12842
Pato1327,148,0.98,1.5,9602,9284,143,0.99,1.9,7504,7289
32Leksa,139,1.49,1.5,9141,13412,166,1.86,3.6,4596,8249
LiLqki ツ,830,2.56,5.4,15386,37241,405,2.67,8.6,4683,11434
BabyFaceCro,55,1.13,2.3,2426,2677,122,1.06,3.5,3445,3519
User-2077da5d7e,7,0.08,0.1,5350,430,2,0.31,1.7,121,37
YouTubeZinnPanda,47,2.2,5.5,859,1789,205,2.8,10.5,1957,4908
Ched-,123,1.84,2.9,4254,7608,252,2.07,4.9,5178,10188
Barnabas6002,20,0.64,1.8,1103,689,63,1.1,6,1048,1083
MXR Mysti,137,1.27,2.2,6152,7667,508,2.01,6.6,7670,14431
sok maj bols,170,1.27,1.3,13394,16800,296,1.68,3.5,8535,13844
Supew Hess,54,2.13,4.3,1251,2555,299,2.57,7.6,3919,9297
nikitalfg,400,2.08,3.2,12425,25010,192,2.3,4.8,4016,8796
GRANDOT3_,348,1.74,3.8,9119,15251,411,2.13,6.7,6136,12211
NewD1splayName,213,1.12,2.3,9245,10136,285,1.29,4.7,6051,7448
Nebuchadnezzar -,156,1.11,2.4,6590,7131,202,1.13,3.8,5300,5784
DuNNNNNoo,115,1.06,1,10989,11519,146,1.44,2.7,5447,7610
Vipinchanu,86,1.76,7.2,1191,1947,728,1.66,13.8,5261,7513
Youtube Fredde1x,186,1.14,11.2,1658,1680,561,1.38,13.4,4176,4993
ＷΛＬＫΞＲ,126,0.99,2.2,5663,5460,588,1.24,6.5,9077,10527
patadura22,210,2.58,4.8,4343,10669,325,2.59,5.8,5581,13593
Sedii EL BOOMr,126,2.14,2.3,5441,11354,360,2.58,4.8,7473,18326
Lichos11,101,1.39,2.1,4872,6627,368,1.58,5,7350,11019
1ϟB R Y A Nっっ,77,0.81,1,7716,6197,151,1.16,1.6,9280,10623
VYA_HECTOR_93,29,1.04,2,1474,1504,136,1.41,3.1,4322,5905
claim noah74,279,2.01,4,7044,13569,1054,2.66,11.4,9242,21810
刀iaℬlø,179,1.46,2.2,8046,11465,246,1.64,3,8200,13080
Ionzz 78,811,2.91,12.6,6446,16408,1554,2.88,15,10366,25339
TSN_Maryan21,38,1.75,4.3,885,1483,114,1.63,3.7,3084,4854
filipe水,737,3.35,7.7,9589,29632,770,3.47,13.1,5858,17644
Virus AU,203,1.54,3.5,5872,8750,276,1.8,5.9,4648,7869
ThatGirlJasper,102,0.82,1.9,5452,4374,57,0.43,2.3,2476,1050
Fragger Wavy,110,1.5,1.2,9302,13809,174,1.61,2.1,8406,13261
Its W Key,195,1.62,3.1,6235,9815,241,1.52,3.8,6374,9327
LuckySnorlax,78,1.44,3.9,1975,2725,259,1.8,6,4347,7364
MarianFlorinYT,60,1.05,1.6,3804,3925,44,0.95,4.5,977,884
Esk DrickanHD,100,1.03,0.7,14543,14922,147,1.22,1.4,10234,12292
Martin MC_Fly,34,1.08,1.7,1988,2102,153,1.56,3.7,4099,6169
Moteram,34,0.83,0.4,7565,6237,110,0.9,3.1,3553,3101
Βατευτής,356,1.27,3.2,10957,13425,511,1.3,4.5,11447,14266
RB maxfar zones,288,2.23,5.7,5051,10611,508,2.47,8.9,5711,12853
Operator لTF2,1,0.59,0.5,196,115,58,0.93,5.3,1089,958
Quadrupeltje,104,0.76,1.5,7009,5257,132,0.84,1.6,8513,7056
Meloriax,489,2.71,8.5,5778,14339,379,2.67,8.4,4538,11087
sneakynav,29,1.31,1.8,1648,2124,264,1.56,7.6,3486,5030
Wilder_Beast96,57,1.83,2.5,2267,4039,340,1.89,4.1,8297,15047
CarrieJoDubsTTV,162,1.25,3.5,4657,5602,207,1.39,4.9,4234,5595
lem on ket,280,2.45,3.9,7241,17078,531,2.69,7.6,7016,17461
FA Fr1xioN,238,3.85,8.7,2737,9631,869,4.73,17.8,4882,18999
evillious,171,1.23,2.7,6364,7594,206,1.09,2.7,7649,8131
underPressureL,39,1.24,4.4,888,1050,55,1.05,2.6,2099,2146
Ace Blake,147,1.65,3.9,3774,5979,280,2.07,5.2,5410,10643
Taigerino.FB,271,1.57,2.9,9397,14372,487,2.29,11,4438,9061
K3MBO.,40,2.98,13.4,299,773,607,3.33,13,4680,13562
junalu,219,1.34,1.9,11831,15545,71,1.16,3.3,2176,2441
Don-Hosse,59,0.77,1,5733,4347,90,0.97,1.9,4654,4408
Critycal.exe,76,1.31,2.3,3259,4177,170,1.28,2.3,7427,9297
sugu cc,31,1.21,1.5,2020,2408,14,1.75,4.1,338,568
Back 2 da lobby,238,2.6,10.6,2248,5228,454,2.53,9.9,4591,10485
ɪx ɪᴛsғɪʟɪᴘᴇ ӝ,57,0.83,1,5434,4443,160,0.79,2.1,7707,5960
Cutie π,97,1.67,6,1616,2530,226,2.62,10.4,2169,5094
fungllll,49,2.47,6.1,804,1862,824,4.01,21.1,3898,12317
Dvourz ay лол,163,4.56,16,1016,3887,701,5.31,22.4,3123,12855
BM_BlackMamba_hd,14,0.87,2.1,664,568,119,1.26,4,2998,3620
mzamra,44,1.66,8.4,522,792,681,1.76,19.5,3490,4934
Mintie-,5,0.93,0.8,617,570,256,1.01,2.8,9015,8848
goose FN,0,1.03,0,30,31,12,2.15,12.8,94,176
BadPing.ExE,76,1.47,6.6,1145,1571,355,1.81,6.6,5345,9043
Exoph,707,4.75,13.7,5149,21080,1233,4.68,16.2,7618,29891
ARC Weliaz,1110,3.96,12.2,9128,31762,751,3.26,11.1,6761,19604
GL Nizzy,823,4.5,14.5,5672,21834,672,4.06,17.2,3908,13126
PieceConтrol Dan,306,1.48,2.9,10386,14896,276,1.77,4.2,6596,11203
Breeezツ,159,1.32,1.5,10447,13587,156,1.39,1.8,8853,12078
twitch patetafps,136,1.23,0.9,15900,19412,211,1.32,3.3,6470,8253
JoshM On ᴺᴼᵀ,117,1.39,1.9,6066,8291,274,1.6,2.8,9690,15035
eRa Clipnode,1802,5.38,20.1,8982,38663,1339,5.62,28.9,4634,18507
12am Schlump,1915,6.53,34.6,5542,23678,467,5.35,28.4,1644,6298
Tw Yusca16,182,1.32,0.9,21386,27889,305,1.47,3.2,9616,13661
ChiLL-.,164,0.89,3.2,5163,4425,204,0.82,3.5,5833,4589
尊 ragisさん,287,2.47,5.8,4936,11462,310,2.41,7.2,4290,9576
SUPERLEAGUE DEAD,375,2.07,4,9354,18624,479,2.48,8.7,5493,12422
Bomﱞb,240,3.21,11.6,2070,5867,955,3.3,18.6,5139,13790
BlitzIMr.Editz,39,1.04,0.9,4290,4407,128,1.46,2.4,5299,7549
777 RenaboDaSosa,115,1.37,1.3,9056,12286,385,2.36,5.3,7284,16311
Scuba Sheep,291,1.3,4.8,6028,7476,237,2.05,6.8,3496,6678
ovLDER 7,306,2.54,3.1,9893,24361,404,3.5,8.9,4525,14437
nadrojب,256,2.23,8.6,2971,6046,1514,3.22,22.3,6787,16974
TTV CokeSmok,35,0.77,1.1,3317,2511,275,0.93,3.8,7316,6552
C Ø N K E R,237,1.71,2.5,9512,15876,337,1.71,4.5,7430,12155
Sparklin Mxrcx,185,1.68,2.7,6857,11220,429,2.02,6.5,6620,12515
idc jerm,1462,3.62,15.3,9581,29375,1049,3.73,15.9,6594,20682
LoseAngeles,318,1.88,2,15766,29039,80,1.87,2.9,2727,4951
VALIFY Pixel,127,1.34,1.5,8464,11154,362,1.62,3.7,9875,15394
Washed ŦLEXX 愛,77,1.34,3.6,2112,2736,313,1.52,4.9,6443,9289
nice1nico,277,2.85,4.8,5794,15706,758,4.92,11.5,6610,28774
Essam-,140,2.15,4,3501,7223,844,2.4,7.9,10738,23769
Ursus Jusfex,415,3.13,8.5,4887,14004,812,3.53,11.4,7125,22309
Magɨc,51,1.35,2.8,1836,2415,266,1.75,5.5,4810,7933
CANNIBAL Z1G4,187,1.88,2.4,7649,14036,320,2.21,3.6,9008,19163
Pree,430,2.64,6.5,6629,16357,468,3.02,8.2,5710,15834
kaivy-,88,1.56,1.8,4899,7486,310,1.89,4.2,7433,13450
Zano Pep,484,2.23,3.4,14428,31067,508,2.45,6.9,7345,16745
Jehda,307,1.47,2,15201,21855,277,1.87,5,5487,9718
Twitch NOTTREVE,131,1.33,1.5,8663,11363,162,1.53,2.4,6816,10183
Just Aqua,206,1.57,8.2,2503,3606,1065,1.87,11.9,8983,14830
SadLithium 父,366,1.42,10.1,3606,4585,451,0.96,6.2,7293,6542
TRS Topher Léon,141,1.28,1.9,7608,9550,293,1.44,4.4,6735,9283
SRN Skydeun,435,3.83,7.9,5507,19410,406,4.03,8.5,4797,17680
ᵀᶠBrᴀfᴀwn〆,79,0.92,1.3,6185,5631,190,1.55,4.2,4564,6775
Coyootee_gr,53,0.79,0.7,7557,5922,63,0.6,1,6506,3892
Rikudo.,88,1.46,0.9,9426,13590,193,1.72,3.5,5566,9256
YT Rustem Koci,170,1.12,1.1,15504,17123,87,1.4,3.1,2766,3744
exeed Ragez7,969,2.54,9.2,10534,24305,709,2.39,12.5,5683,11903
Twitch Snuxfps,321,1.39,3.9,8147,10867,184,1.39,3.1,5910,7941
Steak loves Lau,50,1.42,1.6,3128,4365,366,1.89,6.6,5548,9818
YTRubberduck,6,0.3,0.6,1001,301,95,0.73,3.7,2567,1807
TrevorAhrensTTV,44,0.2,0.3,17444,3435,47,1.09,3.7,1260,1328
ItsLimitless,254,1.94,8.4,3030,5375,786,2.29,13.2,5955,11814
ӝFishyӝ,246,1.19,2.7,9143,10606,318,1.7,3.8,8336,13600
Invictus Stojke.,331,1.72,3.8,8639,14254,383,1.7,5.4,7050,11322
Cоde x2Twins,452,5.06,14.6,3103,13408,1265,8.23,37.2,3399,17553
ttvPastorantoine,147,1.3,1.7,8832,11328,202,1.36,3.3,6062,7970
LucasAriiel,145,1.24,3.6,4072,4858,201,1.13,3.8,5235,5701
Kubuś on Drugsツ,103,0.76,0.9,11736,8815,162,0.93,2.4,6803,6184
Elite Jivi,501,2.7,9.4,5319,13024,639,2.81,11.8,5433,13483
ʀɢʟᴜ,107,1.25,1.8,6038,7437,398,1.65,4.2,9459,14946
BasCB,295,2.41,9.6,3066,6665,805,2.07,8.6,9389,17774
Lé Petit Muniir,158,1.24,1.4,11488,14014,324,1.53,2.7,12072,18031
Chulo-33,29,1.33,1.8,1632,2136,158,1.78,6.1,2610,4366
Maxííí,352,1.29,2.7,13016,16310,304,1.76,5,6048,10091
SW_Ge0Mike,858,1.35,9.6,8934,10939,213,1.17,4.3,5006,5626
r3x4k0,47,0.87,1.9,2488,2133,125,0.57,3.1,4068,2243
Simply Swanky,33,0.92,1,3363,3059,299,1.26,3,10045,12287
jwfΨ,225,2.16,6.8,3321,6683,240,1.87,6.9,3476,6065
T-REKTHØS,9,0.87,1.1,831,715,128,1.04,4.1,3121,3098
Tfx R3HAN,317,2.19,6.2,5094,10465,265,2.02,6.8,3890,7319
DonNagato,148,1.52,1.8,8084,12089,167,2.23,5,3330,7057
PT_TURTOR,253,1.84,5.9,4322,7498,458,2.2,8.8,5192,10405
FaZe ClipΖ,439,2.08,2.7,16214,32844,405,2.11,5.8,6947,13812
アordy ϟ,36,1.02,1.1,3336,3363,206,1.38,3.9,5342,7065
CӇAPU,329,1.83,3.4,9693,17103,230,2.26,4.8,4814,10381
davidsb123,1,0.84,0.2,468,394,86,1.11,2,4326,4700
κιlled βγ αlρhα,143,1.22,1.7,8391,10095,337,1.36,4.4,7740,10083
mcKarlus,8,0.95,0.4,1961,1853,211,1.17,2.7,7917,9043
Twitch SweatBall,225,1.94,2.5,8876,16805,255,2.4,4.6,5487,12579
weem ヅ,204,1.65,4.3,4796,7598,615,3.69,12.4,4956,15999
DoorKey on OF,72,1.11,2.8,2563,2776,307,1.44,6.9,4462,5990
LIDEČKOVJAN PIČO,10,1.2,0.7,1408,1678,313,1.46,3.7,8387,11780
SticksIsHard,59,1.69,2.7,2211,3634,31,1.09,1.8,1701,1824
ᵗᵗᵛ ArgueraSV ʸᵗ,579,2.7,3.6,16056,41854,191,3.31,5.3,3632,11380
HurricaneJoe2019,244,0.68,8.4,2914,1806,171,0.99,6.6,2574,2375
SquirtleLive,139,1.59,1.8,7926,12414,409,1.93,4.7,8612,15848
Tibo544,214,1.49,3.2,6611,9561,758,2.89,11.3,6688,17142
DomenSS,249,1.43,3.4,7295,10068,212,1.86,4.6,4611,8204
わいのショットガンは３０ダメージ,52,2.29,5.1,1023,2224,1478,3.95,25.6,5783,17004
P R Λ X,273,2.02,3.5,7739,15118,392,2.14,5.2,7491,15209
ᵀʷⁱᵗᶜʰRippersan,23,1.35,1.6,1398,1860,213,1.89,4.6,4656,8411
Codigo Drogo,123,1.37,2.5,4939,6580,273,2.27,7.9,3462,7250
fknLEGIT,136,1.42,2.5,5337,7378,388,1.79,4.3,8971,15350
GE D4m ӝ,331,2,4.2,7969,15307,377,2.25,4.9,7764,16649
メHawks,213,2.24,6.5,3294,6896,107,1.13,3,3625,3983
ricardincanayin,96,1.35,1.6,6055,8062,425,2.01,5.5,7748,14747
GeeCBee,83,1.49,3,2795,4038,277,1.77,4.3,6378,10808
herobiscuit,25,1.24,0.6,4391,5414,170,1.73,2.7,6270,10537
Noel Brabo do AM,558,1.74,3.8,14770,24748,205,1.69,4.2,4885,7902
ouver 67,377,2.65,6.1,6179,15389,472,2.97,7.9,6008,16421
FireDrâgon,447,1.6,2.4,18435,28780,18,1.46,1.6,1142,1637
khaznajebemajke,116,1.73,0.8,14862,25485,128,1.86,2.9,4387,7925
VVL Nando,119,1.77,2.8,4313,7441,169,1.53,4.1,4153,6107
elreydelmundo92,72,1.01,1,7420,7446,332,1.71,4.7,7035,11456
노아 aka Noah,289,1.7,2.2,13073,21763,189,1.49,2.7,7117,10332
Swingin-Wood,150,1.04,2.9,5181,5223,98,1.35,1.5,6348,8425
AOS nebs,307,2.93,4.2,7261,20371,354,3.28,7.5,4697,14231
LG Joji,394,3.5,7.7,5118,16531,588,3.35,8.9,6611,20149
ConnectionSuxs,751,0.94,5.5,13705,12234,0,0,0,4,0
RFX_Lox,149,1.5,2.9,5118,7434,362,1.62,6.1,5894,8959
Twitch Ceyrrox,489,1.22,6.7,7337,8381,252,1.44,5.5,4560,6202
al hamdullah,133,1.78,1.3,10387,18235,262,2.35,4.3,6095,13696
Javi-Burgos,22,0.58,1.8,1217,699,199,0.94,3.2,6284,5744
CG Cryptic,252,1.61,1.9,13501,21271,263,1.9,3.8,6922,12623
Faquı,548,3.65,11.8,4635,14937,477,4.4,18.2,2620,9421
Sartori meu freg,198,1.61,1.4,14060,22334,268,1.65,3.7,7246,11482
Dark is Gucci,284,2.73,7.9,3583,9013,623,3.09,10.7,5830,16110
DaNya ау лол ӝ,80,1.51,1.6,5133,7618,339,1.99,5.1,6585,12434
semisoft25inch,934,1.17,10.7,8697,9072,259,1.1,5.8,4439,4588
bushinhö,194,1.03,2.2,8758,8850,211,1.16,3.7,5643,6328
im bloom,26,2.03,3.5,736,1440,321,2.86,7.8,4117,10842
Twitch kaOzs_,396,3.42,13.2,3001,8911,491,2.91,10.2,4837,12628
slxyher,310,1.69,5.1,6035,9679,1367,3.34,15.1,9046,25626
RD-Antony,71,1.1,1.9,3763,4048,904,3.3,16.5,5475,15107
O-HO-HO-HOǃ,161,1.68,2.3,7105,11661,380,2.87,8.2,4657,12259